,segment_id,program,title,start,duration,start_s,duration_s,end_s,has_parts
1,5265990_001,5265990_001,6h30 le journal : [émission du 19 mai 2014],00:00:00,00:04:14 ,0.0,254.0,254.0,True
2,5265990_001_002,5265990_001,RETOUR JEROME KERVIEL,0:00:29,00:01:10 ,29.0,70.0,99.0,True
3,5265990_001_003,5265990_001,Brève : SAPIN / IMPOTS,0:01:39,00:00:14 ,99.0,14.0,113.0,True
4,5265990_001_004,5265990_001,LOI AUTORITÉ PARENTALE,0:02:09,00:00:58 ,129.0,58.0,187.0,True
5,5265990_001_005,5265990_001,Brève : INONDATIONS BALKANS,0:03:07,00:00:28 ,187.0,28.0,215.0,True
6,5265990_001_006,5265990_001,Brève : FESTIVAL DE CANNES,0:03:35,00:00:27 ,215.0,27.0,242.0,True
7,5265990_001_007,5265990_001,fin,0:04:02,00:00:07 ,242.0,7.0,249.0,True
8,5265994_001,5265994_001,7h00 le journal : [émission du 19 mai 2014],00:00:00,00:09:42 ,0.0,582.0,582.0,True
9,5265994_001_002,5265994_001,RETOUR KERVIEL / ARRESTATION,0:00:26,00:01:08 ,26.0,68.0,94.0,True
10,5265994_001_003,5265994_001,Brève : LE DRIAN A BANGUI,0:01:34,00:00:16 ,94.0,16.0,110.0,True
11,5265994_001_004,5265994_001,COLOMBIE / BUS ÉCOLE,0:02:01,00:00:34 ,121.0,34.0,155.0,True
12,5265994_001_006,5265994_001,INONDATIONS BALKANS (+ EXTRAIT RENAUD BERNARD),0:02:47,00:01:07 ,167.0,67.0,234.0,True
13,5265994_001_007,5265994_001,Brève : CARTE / CORPS RETROUVÉ AU LARGE DE JOBOURG,0:03:54,00:00:38 ,234.0,38.0,272.0,True
14,5265994_001_008,5265994_001,Brève : NEW OFF 17 DÉPARTEMENTS / CATASTROPHE NATURELLE,0:04:32,00:00:03 ,272.0,3.0,275.0,True
15,5265994_001_009,5265994_001,LOI AUTORITÉ PARENTALE,0:04:51,00:00:15 ,291.0,15.0,306.0,True
16,5265994_001_011,5265994_001,SAPIN / IMPOTS PÉRENNISÉS JUSQU'EN 2017,0:05:24,00:00:16 ,324.0,16.0,340.0,True
17,5265994_001_013,5265994_001,PLATEAU JEAN-PAUL CHAPEL,0:05:47,00:01:00 ,347.0,60.0,407.0,True
18,5265994_001_014,5265994_001,Brève : CANNES,0:06:47,00:00:20 ,407.0,20.0,427.0,True
19,5265994_001_015,5265994_001,"FILM ""THE HOMESMAN""",0:07:16,00:01:18 ,436.0,78.0,514.0,True
20,5265994_001_017,5265994_001,FOOT / FEDERATION FRANCAISE DE FOOT,0:08:46,00:00:40 ,526.0,40.0,566.0,True
21,5265994_001_018,5265994_001,Brève : fin,0:09:26,00:00:06 ,566.0,6.0,572.0,True
22,5265997_001,5265997_001,7h30 le journal : [émission du 19 mai 2014],00:00:00,00:09:20 ,0.0,560.0,560.0,True
23,5265997_001_002,5265997_001,RETOUR KERVIEL / ARRESTATION,0:00:34,00:01:10 ,34.0,70.0,104.0,True
24,5265997_001_004,5265997_001,LOI AUTORITÉ PARENTALE,0:02:04,00:01:01 ,124.0,61.0,185.0,True
25,5265997_001_005,5265997_001,Brève : NEW OFF / 17 DEPARTEMENTS / CATASTROPHE NATURELLE,0:03:05,00:00:36 ,185.0,36.0,221.0,True
26,5265997_001_006,5265997_001,FACTUEL BALKANS (+ EXTRAIT RENAUD BERNARD),0:03:57,00:00:48 ,237.0,48.0,285.0,True
27,5265997_001_008,5265997_001,COLOMBIE BUS INCENDIE,0:05:01,00:00:49 ,301.0,49.0,350.0,True
28,5265997_001_010,5265997_001,SAPIN SUR LES IMPOTS,0:06:00,00:00:16 ,360.0,16.0,376.0,True
29,5265997_001_012,5265997_001,PLATEAU JEAN-PAUL CHAPEL,0:06:27,00:01:05 ,387.0,65.0,452.0,True
30,5265997_001_014,5265997_001,"FILM ""THE HOMESMAN""",0:07:49,00:01:18 ,469.0,78.0,547.0,True
31,5265997_001_015,5265997_001,fin,0:09:07,00:00:05 ,547.0,5.0,552.0,True
33,5266001_001,5266001_001,8h00 le journal : [émission du 19 mai 2014],00:00:00,00:11:45 ,0.0,705.0,705.0,True
34,5266001_001_002,5266001_001,RETOUR KERVIEL / ARRESTATION,0:00:55,00:00:38 ,55.0,38.0,93.0,True
35,5266001_001_003,5266001_001,Brève : LE DRIAN A BANGUI,0:01:33,00:00:15 ,93.0,15.0,108.0,True
36,5266001_001_004,5266001_001,COLOMBIE / BUS ÉCOLE,0:02:00,00:00:49 ,120.0,49.0,169.0,True
37,5266001_001_006,5266001_001,INONDATIONS BALKANS (+ EXTRAIT RENAUD BERNARD),0:03:03,00:01:06 ,183.0,66.0,249.0,True
38,5266001_001_007,5266001_001,Brève : NEW OFF 17 DÉPARTEMENTS / CATASTROPHE NATURELLE,0:04:09,00:00:22 ,249.0,22.0,271.0,True
39,5266001_001_008,5266001_001,LOI AUTORITÉ PARENTALE,0:04:46,00:01:01 ,286.0,61.0,347.0,True
40,5266001_001_010,5266001_001,SAPIN / IMPOTS PÉRENNISÉS JUSQU'EN 2017,0:06:06,00:00:16 ,366.0,16.0,382.0,True
41,5266001_001_012,5266001_001,PLATEAU JEAN-PAUL CHAPEL,0:06:29,00:01:03 ,389.0,63.0,452.0,True
42,5266001_001_014,5266001_001,FOOT / FEDERATION FRANCAISE DE FOOT,0:07:43,00:00:33 ,463.0,33.0,496.0,True
43,5266001_001_015,5266001_001,Brève : CONCHITA WURST,0:08:16,00:00:27 ,496.0,27.0,523.0,True
44,5266001_001_016,5266001_001,"FILM ""THE HOMESMAN""",0:09:57,00:01:17 ,597.0,77.0,674.0,True
45,5266001_001_017,5266001_001,Brève : fin,0:11:14,00:00:03 ,674.0,3.0,677.0,True
53,5266025_001,5266025_001,13 heures : [émission du 19 mai 2014],00:00:00,00:45:04 ,0.0,2704.0,2704.0,True
54,5266025_001_001,5266025_001,Brève : LANCEMENT TITRES DU 13H,0:00:04,00:01:14 ,4.0,74.0,78.0,True
55,5266025_001_002,5266025_001,------ BALKANS Les pires crues depuis un siècle,0:01:18,00:00:23 ,78.0,23.0,101.0,True
56,5266025_001_004,5266025_001,INONDATIONS EN EX-YOUGOSLAVIE,0:03:42,00:01:53 ,222.0,113.0,335.0,True
57,5266025_001_006,5266025_001,PLATEAU NON HABILLÉ R. BERNARD,0:05:52,00:01:02 ,352.0,62.0,414.0,True
58,5266025_001_008,5266025_001,ARRESTATION DE JÉRÔME KERVIEL,0:09:39,00:01:29 ,579.0,89.0,668.0,True
59,5266025_001_010,5266025_001,Nice / AUDREY RICHIER (Ce qui attend Jérôme Kerviel),0:11:25,00:00:46 ,685.0,46.0,731.0,True
60,5266025_001_012,5266025_001,PARIS - PROPOSITION 30 KM/H,0:13:45,00:01:26 ,825.0,86.0,911.0,True
61,5266025_001_014,5266025_001,LOI FAMILLE - CE QUI CHANGE,0:15:35,00:01:25 ,935.0,85.0,1020.0,True
62,5266025_001_016,5266025_001,QUIMPERLÉ - ARRÊTÉ DE CATASTROPHE NATURELLE,0:17:40,00:01:47 ,1060.0,107.0,1167.0,True
63,5266025_001_018,5266025_001,TÉMOIGNAGE VICTIME DE PESTICIDES,0:19:54,00:01:45 ,1194.0,105.0,1299.0,True
64,5266025_001_020,5266025_001,LES ALTERNATIVES AUX PESTICIDES,0:22:13,00:02:22 ,1333.0,142.0,1475.0,True
65,5266025_001_022,5266025_001,LE DÉPISTAGE DE L'HÉPATITE C,0:25:00,00:01:57 ,1500.0,117.0,1617.0,True
66,5266025_001_024,5266025_001,NETTOYAGE SEINE - PLASTIQUES,0:27:34,00:01:51 ,1654.0,111.0,1765.0,True
67,5266025_001_026,5266025_001,MEUDON - LES RÉVISIONS DU BAC ENSEMBLE ET PAR INTERNET,0:29:58,00:02:25 ,1798.0,145.0,1943.0,True
68,5266025_001_028,5266025_001,JEAN-DANIEL FLAYSAKIER (Bons conseils pour le bac),0:32:41,00:01:44 ,1961.0,104.0,2065.0,True
69,5266025_001_030,5266025_001,ALSACE - MÉTÉO EXCEPTIONNELLE A L'EST,0:36:54,00:01:23 ,2214.0,83.0,2297.0,True
70,5266025_001_032,5266025_001,Clairefontaine / GRÉGORY NABOULET (Début des stages des Bleus),0:38:36,00:00:58 ,2316.0,58.0,2374.0,True
71,5266025_001_033,5266025_001,Brève : RUGBY - JONNY WILKINSON PREND SA RETRAITE,0:40:12,00:00:22 ,2412.0,22.0,2434.0,True
72,5266025_001_034,5266025_001,FEUILLETON n°1/5         Les géants de la Seine,0:40:51,00:04:23 ,2451.0,263.0,2714.0,True
73,5266025_001_035,5266025_001,Brève : PRÉSENTATION ÉQUIPE FEUILLETON,0:45:14,00:00:08 ,2714.0,8.0,2722.0,True
74,5266025_001_036,5266025_001,Les cinq dernières minutes : Le Quatuor Ebène,0:45:24,00:07:03 ,2724.0,423.0,3147.0,True
82,5266045_001,5266045_001,20 heures : [émission du 19 mai 2014],00:00:00,00:40:47 ,0.0,2447.0,2447.0,True
83,5266045_001_001,5266045_001,[Plateau début],0:00:05,00:01:05 ,5.0,65.0,70.0,True
84,5266045_001_002,5266045_001,"[Inondations en Serbie, Bosnie et Croatie]",0:01:10,00:01:51 ,70.0,111.0,181.0,True
85,5266045_001_004,5266045_001,[Plateau extérieur : Serbie : des digues de sable contre les inondations],0:03:12,00:00:50 ,192.0,50.0,242.0,True
86,5266045_001_006,5266045_001,[Incarcération de Jérôme Kerviel],0:04:18,00:01:22 ,258.0,82.0,340.0,True
87,5266045_001_008,5266045_001,[Le financement des baisses d'impôts],0:06:03,00:01:07 ,363.0,67.0,430.0,True
88,5266045_001_009,5266045_001,[Plateau brève : baisse de cotisations salariales pour des fonctionnaires],0:07:10,00:00:25 ,430.0,25.0,455.0,True
89,5266045_001_010,5266045_001,[Transparence des salaires chez Thermador],0:07:35,00:02:12 ,455.0,132.0,587.0,True
90,5266045_001_012,5266045_001,[Examen du projet de loi sur la famille],0:10:06,00:01:16 ,606.0,76.0,682.0,True
91,5266045_001_014,5266045_001,[Autorité parentale en cas de divorce et déménagement des ex],0:11:36,00:03:31 ,696.0,211.0,907.0,True
92,5266045_001_016,5266045_001,[Mali : Kidal est aux mains des Touaregs],0:15:23,00:01:12 ,923.0,72.0,995.0,True
93,5266045_001_017,5266045_001,[Plateau brève : Libye : offensive contre le Parlement],0:16:35,00:00:30 ,995.0,30.0,1025.0,True
94,5266045_001_018,5266045_001,[Plateau brève : Ukraine : début du retrait de soldats russes],0:17:05,00:00:10 ,1025.0,10.0,1035.0,True
95,5266045_001_019,5266045_001,[Plateau brève : Accident de car mortel en Colombie],0:17:15,00:00:28 ,1035.0,28.0,1063.0,True
96,5266045_001_020,5266045_001,[New York interdit la cigarette aux moins de 21 ans],0:17:43,00:01:12 ,1063.0,72.0,1135.0,True
97,5266045_001_022,5266045_001,[Entreprises : succès des machines à café à capsules],0:19:15,00:03:23 ,1155.0,203.0,1358.0,True
98,5266045_001_024,5266045_001,[Limiter la vitesse de circulation à Paris],0:23:01,00:01:44 ,1381.0,104.0,1485.0,True
99,5266045_001_026,5266045_001,[Chine : pollution dans la province du Hebei],0:25:01,00:02:04 ,1501.0,124.0,1625.0,True
100,5266045_001_028,5266045_001,[L'affaire André Bamberski],0:27:39,00:03:20 ,1659.0,200.0,1859.0,True
101,5266045_001_030,5266045_001,[Le trafic de tigres],0:31:21,00:01:37 ,1881.0,97.0,1978.0,True
102,5266045_001_032,5266045_001,[Argentine : découverte d'un titanosaure],0:33:14,00:01:07 ,1994.0,67.0,2061.0,True
103,5266045_001_034,5266045_001,[Ascension de l'Etna en Sicile],0:34:45,00:02:37 ,2085.0,157.0,2242.0,True
104,5266045_001_035,5266045_001,Plateau brève : Cannes : bise polémique de l'actrice iranienne Leila Hatami,0:37:22,00:00:31 ,2242.0,31.0,2273.0,True
105,5266045_001_036,5266045_001,Festival de Cannes : portrait de Robert Pattinson,0:37:53,00:01:44 ,2273.0,104.0,2377.0,True
106,5266045_001_037,5266045_001,[Plateau brève : Rugby : retraite imminente pour Jonny Wilkinson],0:39:37,00:00:23 ,2377.0,23.0,2400.0,True
107,5266045_001_038,5266045_001,[Plateau brève : images d'une île volcanique au Japon],0:40:00,00:00:25 ,2400.0,25.0,2425.0,True
108,5266045_001_039,5266045_001,[Plateau fin],0:40:25,00:00:22 ,2425.0,22.0,2447.0,True
114,5266511_001,5266511_001,6h30 le journal : [émission du 20 mai 2014],00:00:00,00:03:44 ,0.0,224.0,224.0,True
115,5266511_001_001,5266511_001,Brève : INONDATIONS BALKANS,0:01:08,00:00:15 ,68.0,15.0,83.0,True
116,5266511_001_002,5266511_001,CRUES BALKANS,0:01:35,00:01:05 ,95.0,65.0,160.0,True
117,5266511_001_004,5266511_001,TEL THAILANDE/LOI MARTIALE PROCLAMéE,0:02:56,00:00:56 ,176.0,56.0,232.0,True
118,5266511_001_005,5266511_001,Brève : NEW OFF/1 FRANCAIS SUR 3 PREND DES PSYCHOTROPES,0:03:52,00:00:18 ,232.0,18.0,250.0,True
119,5266511_001_006,5266511_001,Brève : IMPOTS DECLARATION PAPIER/DERNIER JOUR,0:04:10,00:00:14 ,250.0,14.0,264.0,True
120,5266511_001_007,5266511_001,Brève : HOCKEY sur GLACE MONDIAL 2014/FRANCE-DANEMARK,0:04:24,00:00:16 ,264.0,16.0,280.0,True
121,5266511_001_008,5266511_001,fin,0:04:40,00:00:01 ,280.0,1.0,281.0,True
122,5266515_001,5266515_001,7h00 le journal : [émission du 20 mai 2014],00:00:00,00:10:14 ,0.0,614.0,614.0,True
123,5266515_001_002,5266515_001,PHOTO MARIA DELVAL/DISPARITION ADO MORBIHAN,0:00:30,00:01:46 ,30.0,106.0,136.0,True
124,5266515_001_003,5266515_001,Brève : N° TEL APPEL à TEMOINS: 02 97 55 32 11,0:02:16,00:00:10 ,136.0,10.0,146.0,True
125,5266515_001_004,5266515_001,PERE DE MARIA DELVAL (document rtl)/LANCE UN APPEL( yannick delval),0:02:28,00:00:38 ,148.0,38.0,186.0,True
126,5266515_001_005,5266515_001,Brève : CARTE MONTREUIL (seine st denis)/ARSENAL DE BRAQUEURS,0:03:06,00:00:16 ,186.0,16.0,202.0,True
127,5266515_001_006,5266515_001,Brève : SUITES FUSILLADE A4/POLICIERE TUéE,0:03:22,00:00:21 ,202.0,21.0,223.0,True
128,5266515_001_007,5266515_001,TEL THAILANDE/LOI MARTIALE PROCLAMéE,0:03:59,00:00:59 ,239.0,59.0,298.0,True
129,5266515_001_008,5266515_001,Brève : INONDATIONS BALKANS,0:04:58,00:00:27 ,298.0,27.0,325.0,True
130,5266515_001_009,5266515_001,CRUES BALKANS,0:05:26,00:01:04 ,326.0,64.0,390.0,True
131,5266515_001_011,5266515_001,LA FESSÉE/LOI DE LA FAMILLE,0:06:45,00:00:55 ,405.0,55.0,460.0,True
132,5266515_001_012,5266515_001,Brève : IMPOTS DECLARATION PAPIER DERNIER JOUR,0:07:40,00:00:17 ,460.0,17.0,477.0,True
133,5266515_001_013,5266515_001,PARIS/6eme VILLE LA PLUS ATTRACTIVE DU MONDE,0:08:12,00:01:03 ,492.0,63.0,555.0,True
134,5266515_001_014,5266515_001,Brève : PAUL MAC CARTNEY/SANTé,0:09:15,00:00:17 ,555.0,17.0,572.0,True
135,5266515_001_015,5266515_001,LOTO/23 MILLIONS D'EUROS,0:09:49,00:00:52 ,589.0,52.0,641.0,True
136,5266515_001_016,5266515_001,Brève : HOCKEY sur GLACE MONDIAL 2014/FRANCE-DANEMARK,0:10:41,00:00:26 ,641.0,26.0,667.0,True
137,5266515_001_017,5266515_001,GRELE AU BRESIL,0:11:39,00:00:53 ,699.0,53.0,752.0,True
138,5266515_001_018,5266515_001,Brève : fin,0:12:32,00:00:01 ,752.0,1.0,753.0,True
139,5266518_001,5266518_001,7h30 le journal : [émission du 20 mai 2014],00:00:00,00:08:24 ,0.0,504.0,504.0,True
140,5266518_001_002,5266518_001,EMPLOIS PAR REGIONS,0:00:20,00:00:51 ,20.0,51.0,71.0,True
141,5266518_001_003,5266518_001,Brève : PHOTO MARIA DELVAL/DISPARITION ADO MORBIHAN,0:01:11,00:00:15 ,71.0,15.0,86.0,True
142,5266518_001_004,5266518_001,PERE DE MARIA DELVAL (document rtl)/LANCE UN APPEL (yannick delval),0:01:29,00:00:38 ,89.0,38.0,127.0,True
143,5266518_001_005,5266518_001,Brève : N° TEL APPEL à TEMOINS: 02 97 55 32 11,0:02:07,00:00:07 ,127.0,7.0,134.0,True
144,5266518_001_006,5266518_001,Brève : MENACES sur DIRECTEUR  IUT ST DENIS,0:02:14,00:00:19 ,134.0,19.0,153.0,True
145,5266518_001_007,5266518_001,Brève :  THAILANDE/LOI MARTIALE PROCLAMéE,0:02:33,00:00:13 ,153.0,13.0,166.0,True
146,5266518_001_008,5266518_001,Brève : INONDATIONS BALKANS,0:02:46,00:00:21 ,166.0,21.0,187.0,True
147,5266518_001_009,5266518_001,CRUES BALKANS,0:03:10,00:01:05 ,190.0,65.0,255.0,True
148,5266518_001_010,5266518_001,Brève : IMPOTS DECLARATION PAPIER/DERNIER JOUR,0:04:15,00:00:14 ,255.0,14.0,269.0,True
149,5266518_001_011,5266518_001,LA FESSÉE/LOI DE LA FAMILLE,0:04:39,00:00:57 ,279.0,57.0,336.0,True
150,5266518_001_012,5266518_001,Brève : NEW OFF/1 FRANCAIS SUR 3 PREND DES PSYCHOTROPES,0:05:36,00:00:11 ,336.0,11.0,347.0,True
151,5266518_001_013,5266518_001,PARIS/6eme VILLE LA PLUS ATTRACTIVE DU MONDE,0:05:58,00:01:03 ,358.0,63.0,421.0,True
152,5266518_001_015,5266518_001,LOTO/23 MILLIONS D'EUROS,0:07:11,00:00:49 ,431.0,49.0,480.0,True
153,5266518_001_016,5266518_001,fin,0:08:00,00:00:02 ,480.0,2.0,482.0,True
155,5266522_001,5266522_001,8h00 le journal : [émission du 20 mai 2014],00:00:00,00:11:09 ,0.0,669.0,669.0,True
156,5266522_001_002,5266522_001,LOTO/23 MILLIONS D'EUROS,0:00:12,00:00:50 ,12.0,50.0,62.0,True
157,5266522_001_003,5266522_001,Brève : PHOTO MARIA DELVAL/DISPARITION ADO MORBIHAN,0:01:02,00:00:22 ,62.0,22.0,84.0,True
158,5266522_001_004,5266522_001,Brève : N° TEL APPEL à TEMOINS: 02 97 55 32 11,0:01:24,00:00:04 ,84.0,4.0,88.0,True
159,5266522_001_005,5266522_001,PERE DE MARIA DELVAL (document rtl)/LANCE UN APPEL (yannick delval),0:01:28,00:00:18 ,88.0,18.0,106.0,True
160,5266522_001_006,5266522_001,Brève : CARTE MONTREUIL (seine st denis)/ARSENAL DE BRAQUEURS,0:01:46,00:00:14 ,106.0,14.0,120.0,True
161,5266522_001_007,5266522_001,Brève : SUITES FUSILLADE A4/POLICIERE TUéE,0:02:00,00:00:19 ,120.0,19.0,139.0,True
162,5266522_001_008,5266522_001,TEL THAILANDE/LOI MARTIALE PROCLAMéE,0:02:37,00:00:59 ,157.0,59.0,216.0,True
163,5266522_001_009,5266522_001,Brève : INONDATIONS BALKANS,0:03:36,00:00:21 ,216.0,21.0,237.0,True
164,5266522_001_010,5266522_001,CRUES BALKANS,0:03:58,00:01:04 ,238.0,64.0,302.0,True
165,5266522_001_012,5266522_001,MARION MARECHAL LE PEN/SUR L'EUROPE,0:05:17,00:00:40 ,317.0,40.0,357.0,True
166,5266522_001_014,5266522_001,EMPLOIS PAR REGIONS,0:06:11,00:00:52 ,371.0,52.0,423.0,True
167,5266522_001_015,5266522_001,Brève : IMPOTS DECLARATION PAPIER DERNIER JOUR,0:07:03,00:00:14 ,423.0,14.0,437.0,True
168,5266522_001_016,5266522_001,LA FESSÉE/LOI DE LA FAMILLE,0:07:29,00:00:56 ,449.0,56.0,505.0,True
169,5266522_001_018,5266522_001,PARIS/6eme VILLE LA PLUS ATTRACTIVE,0:08:38,00:01:03 ,518.0,63.0,581.0,True
170,5266522_001_019,5266522_001,Brève : HOCKEY sur GLACE MONDIAL 2014/FRANCE-DANEMARK,0:09:41,00:00:22 ,581.0,22.0,603.0,True
171,5266522_001_020,5266522_001,Brève : GRELE AU BRESIL,0:10:03,00:00:30 ,603.0,30.0,633.0,True
172,5266522_001_021,5266522_001,Brève : fin,0:10:33,00:00:10 ,633.0,10.0,643.0,True
180,5266546_001,5266546_001,13 heures : [émission du 20 mai 2014],00:00:00,00:45:03 ,0.0,2703.0,2703.0,True
181,5266546_001_001,5266546_001,Brève : LANCEMENT TITRES DU 13H,0:00:02,00:01:16 ,2.0,76.0,78.0,True
182,5266546_001_003,5266546_001,FILIÈRE BOVINE FRANÇAISE - IMPORTATIONS DE BOEUF HORMONE,0:03:35,00:02:20 ,215.0,140.0,355.0,True
183,5266546_001_005,5266546_001,Bruxelles / FRANÇOIS BEAUDONNET  (Partenariat transatlantique),0:06:17,00:01:02 ,377.0,62.0,439.0,True
184,5266546_001_007,5266546_001,EUROPÉENNES - LES LISTES MARGINALES,0:11:06,00:00:01 ,666.0,1.0,667.0,True
185,5266546_001_008,5266546_001,Brève : www.francetvinfo.fr/boussole,0:11:15,00:00:03 ,675.0,3.0,678.0,True
186,5266546_001_009,5266546_001,BALKANS - INONDATIONS,0:11:41,00:01:54 ,701.0,114.0,815.0,True
187,5266546_001_010,5266546_001,Brève : BRESIL - AVERSE DE GRÊLE,0:13:35,00:00:22 ,815.0,22.0,837.0,True
188,5266546_001_011,5266546_001,Brève : HOMMAGE CAMILLE LEPAGE - HOTEL DE VILLE PARIS,0:13:57,00:00:21 ,837.0,21.0,858.0,True
189,5266546_001_012,5266546_001,NICE - RUSH AU CENTRE DES IMPÔTS,0:14:36,00:01:04 ,876.0,64.0,940.0,True
190,5266546_001_013,5266546_001,Brève : Français et travail  88% des salariés heureux   38% démotivés (Source Ed,0:15:40,00:00:18 ,940.0,18.0,958.0,True
191,5266546_001_015,5266546_001,La sieste au travail,0:16:29,00:02:23 ,989.0,143.0,1132.0,True
192,5266546_001_017,5266546_001,GIRONDE - GAGNANT LOTO À 23 MILLIONS D'EUROS,0:19:15,00:01:23 ,1155.0,83.0,1238.0,True
193,5266546_001_019,5266546_001,VÉHICULES ÉLECTRIQUES - INSTALLATION NOUVELLE BORNE,0:21:17,00:01:52 ,1277.0,112.0,1389.0,True
194,5266546_001_021,5266546_001,BARCO CHRISTOPHE DE VALLAMBRAS (Équipement électrique en France),0:23:26,00:01:35 ,1406.0,95.0,1501.0,True
195,5266546_001_023,5266546_001,"MARCQ EN BAROEUL - PROF RECRUTÉ SUR SITE INTERNET ""LE BON COIN""",0:25:25,00:01:28 ,1525.0,88.0,1613.0,True
196,5266546_001_025,5266546_001,LE SYNDROME DU NID VIDE (V2),0:27:26,00:02:33 ,1646.0,153.0,1799.0,True
197,5266546_001_027,5266546_001,ARDENNES - FRAISES & FRAMBOISES EN AVANCE,0:30:17,00:01:02 ,1817.0,62.0,1879.0,True
198,5266546_001_029,5266546_001,FEUILLETON n°2/5      Les géants de la Seine,0:31:38,00:04:08 ,1898.0,248.0,2146.0,True
199,5266546_001_030,5266546_001,Brève : PRÉSENTATION ÉQUIPE FEUILLETON,0:35:46,00:00:07 ,2146.0,7.0,2153.0,True
200,5266546_001_032,5266546_001,LUTETIA - LA VENTE AUX ENCHÈRES DES OBJETS DE L'HÔTEL,0:36:33,00:01:38 ,2193.0,98.0,2291.0,True
201,5266546_001_034,5266546_001,Les cinq dernières minutes : Emmanuelle Riva,0:38:12,00:09:45 ,2292.0,585.0,2877.0,True
209,5266565_001,5266565_001,20 heures : [émission du 20 mai 2014],00:00:00,00:40:59 ,0.0,2459.0,2459.0,True
210,5266565_001_001,5266565_001,[Plateau début],0:00:05,00:01:23 ,5.0,83.0,88.0,True
211,5266565_001_002,5266565_001,[TER : des rames trop larges pour les quais],0:01:28,00:01:33 ,88.0,93.0,181.0,True
212,5266565_001_003,5266565_001,[Plateau extérieur : Rames de TER trop larges : réaction de la SNCF],0:03:01,00:00:40 ,181.0,40.0,221.0,True
213,5266565_001_005,5266565_001,Plus de pouvoirs pour les inspecteurs du travail,0:04:05,00:01:44 ,245.0,104.0,349.0,True
214,5266565_001_007,5266565_001,[Fraudes à l'assurance chez les opticiens],0:06:11,00:03:18 ,371.0,198.0,569.0,True
215,5266565_001_009,5266565_001,[Inondations en Bosnie : sauvetages et glissements de terrain],0:09:46,00:01:19 ,586.0,79.0,665.0,True
216,5266565_001_011,5266565_001,[Inondations en Serbie : sinistrés à Maljurevac],0:11:18,00:01:30 ,678.0,90.0,768.0,True
217,5266565_001_013,5266565_001,[Sicile : sauvetage en mer de migrants],0:13:11,00:01:02 ,791.0,62.0,853.0,True
218,5266565_001_014,5266565_001,[Plateau brève : Elections européennes : intentions de vote],0:14:13,00:00:55 ,853.0,55.0,908.0,True
219,5266565_001_015,5266565_001,Martin Schulz et Jean Claude Juncker : rivaux pour l'Europe,0:15:08,00:02:35 ,908.0,155.0,1063.0,True
220,5266565_001_016,5266565_001,[Plateau brève : Francetvinfo : quizz sur l'Europe],0:17:43,00:00:12 ,1063.0,12.0,1075.0,True
221,5266565_001_017,5266565_001,[Plateau brève : Déclaration d'impôts],0:17:55,00:00:43 ,1075.0,43.0,1118.0,True
222,5266565_001_018,5266565_001,[Les mines de nickel calédoniennes recrutent],0:18:38,00:01:53 ,1118.0,113.0,1231.0,True
223,5266565_001_020,5266565_001,[Enquête sur la crise à la SNCM],0:21:01,00:05:16 ,1261.0,316.0,1577.0,True
224,5266565_001_022,5266565_001,Béziers : linge interdit aux fenêtres,0:26:39,00:01:22 ,1599.0,82.0,1681.0,True
225,5266565_001_023,5266565_001,[Plateau brève : Mali : contre offensive à Kidal],0:28:01,00:00:17 ,1681.0,17.0,1698.0,True
226,5266565_001_024,5266565_001,[Plateau brève : Boko Haram suspecté d'un attentat au Nigeria],0:28:18,00:00:15 ,1698.0,15.0,1713.0,True
227,5266565_001_025,5266565_001,[Plateau brève : Intervention de l'armée en Thaïlande],0:28:33,00:01:32 ,1713.0,92.0,1805.0,True
228,5266565_001_026,5266565_001,[Indianapolis choisit la voiture en libre service de Bolloré],0:30:05,00:00:00 ,1805.0,0.0,1805.0,True
229,5266565_001_028,5266565_001,[Images de la formation d'une tornade],0:30:24,00:00:56 ,1824.0,56.0,1880.0,True
230,5266565_001_029,5266565_001,[Plateau brève : averse de grêle au Brésil],0:31:20,00:00:46 ,1880.0,46.0,1926.0,True
231,5266565_001_030,5266565_001,[1944 : la face cachée des libérateurs],0:32:06,00:04:11 ,1926.0,251.0,2177.0,True
232,5266565_001_032,5266565_001,[Dossier : Le recyclage des déchets électriques et électroniques],0:36:46,00:03:23 ,2206.0,203.0,2409.0,True
233,5266565_001_033,5266565_001,[Plateau brève : Wingsuit au dessus de Manhattan],0:40:09,00:00:48 ,2409.0,48.0,2457.0,True
234,5266565_001_034,5266565_001,[Plateau fin],0:40:57,00:00:02 ,2457.0,2.0,2459.0,True
240,5266890_001,5266890_001,8h00 le journal : [émission du 21 mai 2014],00:00:00,00:04:31 ,0.0,271.0,271.0,True
241,5266890_001_002,5266890_001,NIGERIA/SUITES DOUBLE ATTENTAT (le lendemain),1:29:26,00:00:57 ,5366.0,57.0,5423.0,True
242,5266890_001_003,5266890_001,Brève : OTAGE FRANCAIS SERGE LAZAREVIC,1:30:23,00:00:18 ,5423.0,18.0,5441.0,True
243,5266890_001_004,5266890_001,POMPIER SPELEO BLOQUé SOUS TERRE SAVOIE (avec tel),1:30:57,00:01:01 ,5457.0,61.0,5518.0,True
244,5266890_001_005,5266890_001,Brève : CARTE ARGENTAN (ORNE)/INTERPELLATIONS VOL METAUX,1:31:58,00:00:15 ,5518.0,15.0,5533.0,True
245,5266890_001_006,5266890_001,TER TROP LARGES/QUESTIONS,1:32:28,00:01:01 ,5548.0,61.0,5609.0,True
246,5266890_001_007,5266890_001,Brève : NEW OFF/SONDAGE EUROPENNES IPSOS,1:33:29,00:00:30 ,5609.0,30.0,5639.0,True
247,5266890_001_008,5266890_001,MEETING LE PEN HIER SOIR MARSEILLE,1:34:10,00:01:04 ,5650.0,64.0,5714.0,True
248,5266890_001_010,5266890_001,RECUL EMPLOIS à DOMICILE,1:35:30,00:01:01 ,5730.0,61.0,5791.0,True
249,5266890_001_011,5266890_001,Brève : CARTE VIGILANCE ORAGES,1:36:31,00:00:19 ,5791.0,19.0,5810.0,True
250,5266890_001_012,5266890_001,Brève : INONDATIONS BALKANS,1:36:50,00:00:28 ,5810.0,28.0,5838.0,True
251,5266890_001_013,5266890_001,MUSEE 11 SEPTEMBRE à NEW YORK/POLEMIQUE,1:37:32,00:00:59 ,5852.0,59.0,5911.0,True
252,5266890_001_014,5266890_001,Brève : HOCKEY GLACE/FRANCE-REPUBLIQUE TCHEQUE,1:38:31,00:00:24 ,5911.0,24.0,5935.0,True
253,5266890_001_015,5266890_001,Brève : DECES HELENE PASTOR,1:38:55,00:00:22 ,5935.0,22.0,5957.0,True
254,5266890_001_016,5266890_001,Brève : fin,1:39:17,00:00:01 ,5957.0,1.0,5958.0,True
266,5266924_001,5266924_001,13 heures : [émission du 21 mai 2014],00:00:00,00:45:21 ,0.0,2721.0,2721.0,True
267,5266924_001_001,5266924_001,Brève : LANCEMENT TITRES DU 13H,0:00:04,00:01:14 ,4.0,74.0,78.0,True
268,5266924_001_003,5266924_001,NOUVELLES RAMES SNCF - EXEMPLE RABOTTAGE QUAI,0:03:30,00:01:13 ,210.0,73.0,283.0,True
269,5266924_001_005,5266924_001,SNCF - RFF - À QUI LA FAUTE ? PRÉCÉDENTS ? QUELLE RÉFORME ?,0:05:08,00:01:53 ,308.0,113.0,421.0,True
270,5266924_001_007,5266924_001,Gare de Meudon / Valéry Lerouge (qui va payer ?),0:07:20,00:00:50 ,440.0,50.0,490.0,True
271,5266924_001_009,5266924_001,INTERPELLATION VOLEURS DE MÉTAUX,0:09:33,00:01:45 ,573.0,105.0,678.0,True
272,5266924_001_011,5266924_001,NICE / AUDREY RICHIER (enquête H. Pastor),0:11:50,00:00:50 ,710.0,50.0,760.0,True
273,5266924_001_012,5266924_001,Brève : INONDATIONS CROATIE,0:13:38,00:00:20 ,818.0,20.0,838.0,True
274,5266924_001_014,5266924_001,SUITE INONDATIONS BALKANS - SAUVER LA CENTRALE ÉLECTRIQUE,0:14:36,00:01:54 ,876.0,114.0,990.0,True
275,5266924_001_015,5266924_001,Brève : ORAGES / VIGILANCE ORANGE,0:16:30,00:00:17 ,990.0,17.0,1007.0,True
276,5266924_001_016,5266924_001,Meeting Le Pen père et fille,0:17:12,00:01:38 ,1032.0,98.0,1130.0,True
277,5266924_001_018,5266924_001,"EUROPÉENNES - FONCTIONNEMENT DES 3 GRANDES INSTITUTIONS (commission, parlement e",0:19:41,00:02:15 ,1181.0,135.0,1316.0,True
278,5266924_001_019,5266924_001,Brève : www.francetvinfo.fr / Les intentions de vote en Europe,0:21:56,00:00:10 ,1316.0,10.0,1326.0,True
279,5266924_001_020,5266924_001,FUSION POITOU-CHARENTES PAYS DE LA LOIRE ?,0:22:21,00:01:30 ,1341.0,90.0,1431.0,True
280,5266924_001_022,5266924_001,MANIFESTATION CHASSEURS ET ÉLEVEURS CONTRE LOUP,0:24:14,00:01:37 ,1454.0,97.0,1551.0,True
281,5266924_001_024,5266924_001,LA TRACABILITÉ DU COMMERCE ÉQUITABLE (PAV à recouper),0:26:28,00:03:20 ,1588.0,200.0,1788.0,True
282,5266924_001_026,5266924_001,CHRONIQUE MARGAUX MANIÈRE,0:29:49,00:01:34 ,1789.0,94.0,1883.0,True
283,5266924_001_028,5266924_001,VILLAGE NORMAND DÉCU DE NE PAS RECEVOIR LE PRINCE CHARLES,0:32:41,00:02:31 ,1961.0,151.0,2112.0,True
284,5266924_001_030,5266924_001,PETIT LAROUSSE - NOUVEAUX MOTS,0:35:32,00:01:26 ,2132.0,86.0,2218.0,True
285,5266924_001_032,5266924_001,FEUILLETON n°3/5 Les géants de la Seine,0:37:22,00:04:10 ,2242.0,250.0,2492.0,True
286,5266924_001_033,5266924_001,Brève : PRÉSENTATION ÉQUIPE FEUILLETON,0:41:32,00:00:08 ,2492.0,8.0,2500.0,True
287,5266924_001_034,5266924_001,Cannes hommage Sophia Loren,0:42:07,00:02:11 ,2527.0,131.0,2658.0,True
288,5266924_001_036,5266924_001,Les cinq dernières minutes : Sarah Marquis,0:44:30,00:05:15 ,2670.0,315.0,2985.0,True
296,5266944_001,5266944_001,20 heures : [émission du 21 mai 2014],00:00:00,00:41:41 ,0.0,2501.0,2501.0,True
297,5266944_001_001,5266944_001,[Plateau début],0:00:04,00:01:07 ,4.0,67.0,71.0,True
298,5266944_001_002,5266944_001,[Intempéries dans le sud de la France],0:03:24,00:01:14 ,204.0,74.0,278.0,True
299,5266944_001_003,5266944_001,"[Plateau duplex : Etampes, Intempéries]",0:04:46,00:01:15 ,286.0,75.0,361.0,True
300,5266944_001_005,5266944_001,Affaire des TER trop larges,0:06:01,00:02:10 ,361.0,130.0,491.0,True
301,5266944_001_006,5266944_001,"[Plateau analyse : Philippe Verdier, Intempéries à venir]",0:08:16,00:00:51 ,496.0,51.0,547.0,True
302,5266944_001_007,5266944_001,[Enquête sur le meurtre de la femme d'affaires Hélène Pastor],0:09:48,00:01:25 ,588.0,85.0,673.0,True
303,5266944_001_008,5266944_001,"[Plateau duplex : La Rochelle, Enquête sur un viol dans un lycée]",0:12:05,00:00:38 ,725.0,38.0,763.0,True
304,5266944_001_009,5266944_001,Tribune de Nicolas Sarkozy sur la construction européenne,0:13:40,00:01:18 ,820.0,78.0,898.0,True
305,5266944_001_010,5266944_001,"[Plateau duplex : Paris, Meeting national de l'UMP]",0:15:08,00:01:55 ,908.0,115.0,1023.0,True
306,5266944_001_013,5266944_001,[Meeting de Manuel Valls à Barcelone],0:17:03,00:01:18 ,1023.0,78.0,1101.0,True
307,5266944_001_015,5266944_001,[Débat autour des directives européennes],0:18:39,00:02:22 ,1119.0,142.0,1261.0,True
308,5266944_001_016,5266944_001,[Plateau brève : Inondations en Serbie et en Bosnie],0:21:01,00:00:17 ,1261.0,17.0,1278.0,True
309,5266944_001_017,5266944_001,[Plateau brève : Nouvel accord Iran - AIEA sur le nucléaire],0:21:18,00:00:13 ,1278.0,13.0,1291.0,True
310,5266944_001_018,5266944_001,[Proposition sur la fusion des régions],0:21:51,00:01:12 ,1311.0,72.0,1383.0,True
311,5266944_001_020,5266944_001,[Le big data prédictif],0:23:46,00:07:14 ,1426.0,434.0,1860.0,True
312,5266944_001_022,5266944_001,[Coût de fabrication des paires de lunettes],0:31:25,00:02:22 ,1885.0,142.0,2027.0,True
313,5266944_001_024,5266944_001,[Prime pour le bac à Montrouge],0:34:15,00:01:25 ,2055.0,85.0,2140.0,True
314,5266944_001_026,5266944_001,[Extrait de la série Frères d'armes],0:35:58,00:00:55 ,2158.0,55.0,2213.0,True
315,5266944_001_028,5266944_001,[Scouts musulmans],0:37:36,00:02:51 ,2256.0,171.0,2427.0,True
316,5266944_001_030,5266944_001,[Culture de la canne à sucre au Brésil],0:44:36,00:00:01 ,2676.0,1.0,2677.0,True
317,5266944_001_031,5266944_001,[Plateau brève : Zidane écarté du poste d'entraîneur des Girondins],0:44:37,00:00:14 ,2677.0,14.0,2691.0,True
318,5266944_001_032,5266944_001,[Plateau brève et fin],0:44:51,00:00:00 ,2691.0,0.0,2691.0,True
319,5266944_001_033,5266944_001,Brève : PAGE DE FIN,0:45:02,00:00:22 ,2702.0,22.0,2724.0,True
325,5268665_001,5268665_001,6h30 le journal : [émission du 22 mai 2014],00:00:00,00:03:50 ,0.0,230.0,230.0,True
326,5268665_001_002,5268665_001,INTEMPERIES SUD-OUEST,0:00:17,00:00:59 ,17.0,59.0,76.0,True
327,5268665_001_003,5268665_001,Brève : VALLS/DISCOURS SUR L'EUROPE EN 3 LANGUES à BARCELONE,0:01:16,00:00:13 ,76.0,13.0,89.0,True
328,5268665_001_004,5268665_001,Brève : SARKOZY/SUR L'EUROPE,0:01:29,00:00:15 ,89.0,15.0,104.0,True
329,5268665_001_005,5268665_001,HOPITAL/RESTE à CHARGE à PAYER PAR LE PATIENT,0:02:05,00:00:53 ,125.0,53.0,178.0,True
330,5268665_001_006,5268665_001,Brève : JOURNEE DEPISTAGE DERMATO,0:02:58,00:00:17 ,178.0,17.0,195.0,True
331,5268665_001_007,5268665_001,Brève : MASCOTTE TATOU/BRESIL MONDIAL,0:03:15,00:00:22 ,195.0,22.0,217.0,True
332,5268669_001,5268669_001,7h00 le journal : [émission du 22 mai 2014],00:00:00,00:11:13 ,0.0,673.0,673.0,True
333,5268669_001_002,5268669_001,INTEMPERIES SUD-OUEST,0:00:44,00:00:59 ,44.0,59.0,103.0,True
334,5268669_001_003,5268669_001,Brève : IMPACTS DE FOUDRE,0:01:43,00:00:23 ,103.0,23.0,126.0,True
335,5268669_001_004,5268669_001,Brève : lancement nathanael sur n. rihouet,0:02:06,00:00:07 ,126.0,7.0,133.0,True
336,5268669_001_005,5268669_001,PLT METEO/NATHALIE RIHOUET,0:02:14,00:00:47 ,134.0,47.0,181.0,True
337,5268669_001_007,5268669_001,VALLS/DISCOURS SUR L'EUROPE EN 3 LANGUES à BARCELONE,0:03:24,00:00:18 ,204.0,18.0,222.0,True
338,5268669_001_009,5268669_001,SARKOZY/SUR L'EUROPE,0:04:07,00:00:57 ,247.0,57.0,304.0,True
339,5268669_001_010,5268669_001,Brève : lancement nathanael sur g. Daret,0:05:04,00:00:07 ,304.0,7.0,311.0,True
340,5268669_001_011,5268669_001,PLT GUILLAUME DARET/analyse politique,0:05:11,00:00:53 ,311.0,53.0,364.0,True
341,5268669_001_012,5268669_001,Brève : ISABELLE BALKANY EN GARDE à VUE/ENQUETE FINANCIERE,0:06:04,00:00:12 ,364.0,12.0,376.0,True
342,5268669_001_013,5268669_001,EBAY/145 MILLIONS DONNéES VOLéES,0:06:32,00:00:52 ,392.0,52.0,444.0,True
343,5268669_001_015,5268669_001,BAMBERSKI/JUGé ENLEVEMENT DE KROMBACH,0:07:39,00:01:00 ,459.0,60.0,519.0,True
344,5268669_001_017,5268669_001,HOPITAL/RESTE à CHARGE à PAYER PAR LE PATIENT,0:08:57,00:00:51 ,537.0,51.0,588.0,True
345,5268669_001_018,5268669_001,Brève : SOEUR DE MERAH/DISPARITION,0:09:48,00:00:13 ,588.0,13.0,601.0,True
346,5268669_001_019,5268669_001,"Projection du film ""L'Adieu au langage"" de Jean-Luc Godard à Cannes",0:10:14,00:00:51 ,614.0,51.0,665.0,True
347,5268669_001_020,5268669_001,Brève : fin,0:11:05,00:00:02 ,665.0,2.0,667.0,True
348,5268672_001,5268672_001,7h30 le journal : [émission du 22 mai 2014],00:00:00,00:08:20 ,0.0,500.0,500.0,True
349,5268672_001_002,5268672_001,INTEMPERIES SUD-OUEST,0:00:21,00:01:00 ,21.0,60.0,81.0,True
350,5268672_001_004,5268672_001,VALLS/DISCOURS SUR L'EUROPE EN 3 LANGUES à BARCELONE,0:01:34,00:00:17 ,94.0,17.0,111.0,True
351,5268672_001_006,5268672_001,SARKOZY/SUR L'EUROPE,0:02:01,00:00:57 ,121.0,57.0,178.0,True
352,5268672_001_007,5268672_001,Brève : lancement sophie sur g. Daret,0:02:58,00:00:05 ,178.0,5.0,183.0,True
353,5268672_001_008,5268672_001,PLT GUILLAUME DARET/analyse politique,0:03:04,00:00:48 ,184.0,48.0,232.0,True
354,5268672_001_009,5268672_001,Brève : BAMBERSKI/JUGé ENLEVEMENT BROMBACH,0:03:52,00:00:20 ,232.0,20.0,252.0,True
355,5268672_001_010,5268672_001,EBAY/145 MILLIONS DONNéES VOLéES,0:04:21,00:00:53 ,261.0,53.0,314.0,True
356,5268672_001_012,5268672_001,HOPITAL/RESTE à CHARGE à PAYER PAR LE PATIENT,0:05:27,00:00:52 ,327.0,52.0,379.0,True
357,5268672_001_014,5268672_001,CANNES/TECHINé,0:06:36,00:01:06 ,396.0,66.0,462.0,True
358,5268672_001_015,5268672_001,Brève : MASCOTTE TATOU/BRESIL MONDIAL,0:07:42,00:00:25 ,462.0,25.0,487.0,True
360,5268675_001,5268675_001,8h00 le journal : [émission du 22 mai 2014],00:00:00,00:10:55 ,0.0,655.0,655.0,True
361,5268675_001_002,5268675_001,INTEMPERIES SUD-OUEST,0:00:21,00:00:58 ,21.0,58.0,79.0,True
362,5268675_001_003,5268675_001,Brève : IMPACTS DE FOUDRE,0:01:19,00:00:16 ,79.0,16.0,95.0,True
363,5268675_001_004,5268675_001,Brève : lancement nathanael sur n. rihouet,0:01:35,00:00:07 ,95.0,7.0,102.0,True
364,5268675_001_005,5268675_001,PLT METEO/NATHALIE RIHOUET,0:01:43,00:00:29 ,103.0,29.0,132.0,True
365,5268675_001_007,5268675_001,VALLS/DISCOURS SUR L'EUROPE EN 3 LANGUES à BARCELONE,0:02:28,00:00:17 ,148.0,17.0,165.0,True
366,5268675_001_009,5268675_001,SARKOZY/SUR L'EUROPE,0:03:01,00:00:57 ,181.0,57.0,238.0,True
367,5268675_001_010,5268675_001,Brève : lancement nathanael sur g. Daret,0:03:58,00:00:18 ,238.0,18.0,256.0,True
368,5268675_001_011,5268675_001,PLT GUILLAUME DARET/analyse politique,0:04:16,00:00:47 ,256.0,47.0,303.0,True
369,5268675_001_013,5268675_001,MARIE GEORGE BUFFET AUX 4V,0:05:13,00:00:17 ,313.0,17.0,330.0,True
370,5268675_001_014,5268675_001,Brève : ISABELLE BALKANY EN GARDE à VUE/ENQUETE FINANCIERE,0:05:30,00:00:13 ,330.0,13.0,343.0,True
371,5268675_001_015,5268675_001,Brève : SOEUR DE MERAH/DISPARITION,0:05:43,00:00:18 ,343.0,18.0,361.0,True
372,5268675_001_016,5268675_001,EBAY/145 MILLIONS DONNéES VOLéES,0:06:15,00:00:51 ,375.0,51.0,426.0,True
373,5268675_001_018,5268675_001,BAMBERSKI/JUGé ENLEVEMENT DE KROMBACH,0:07:18,00:01:02 ,438.0,62.0,500.0,True
374,5268675_001_020,5268675_001,HOPITAL/RESTE à CHARGE à PAYER PAR LE PATIENT,0:08:37,00:00:52 ,517.0,52.0,569.0,True
375,5268675_001_021,5268675_001,Brève : BASKET LIMOGES-DIJON,0:09:29,00:00:30 ,569.0,30.0,599.0,True
376,5268675_001_022,5268675_001,Brève : fin,0:09:59,00:00:01 ,599.0,1.0,600.0,True
384,5268698_001,5268698_001,13 heures : [émission du 22 mai 2014],00:00:00,00:45:26 ,0.0,2726.0,2726.0,True
385,5268698_001_001,5268698_001,Brève : LANCEMENT TITRES DU 13H,0:00:04,00:01:17 ,4.0,77.0,81.0,True
386,5268698_001_002,5268698_001,------Santé Savoir profiter du soleil,0:02:30,00:00:25 ,150.0,25.0,175.0,True
387,5268698_001_004,5268698_001,ROUND-UP DÉGÂTS ORAGES,0:03:18,00:01:25 ,198.0,85.0,283.0,True
388,5268698_001_006,5268698_001,COULÉE DE BOUE BARENTIN,0:05:09,00:01:44 ,309.0,104.0,413.0,True
389,5268698_001_008,5268698_001,ST PARDOUX LA RIVIÈRE - COUPURES ÉLECTRICITÉ,0:07:16,00:01:38 ,436.0,98.0,534.0,True
390,5268698_001_010,5268698_001,ANAIS BAYDEMIR (fin alerte orages),0:09:23,00:00:40 ,563.0,40.0,603.0,True
391,5268698_001_012,5268698_001,LUTTE CONTRE FRAUDE FISCALE,0:10:51,00:01:39 ,651.0,99.0,750.0,True
392,5268698_001_014,5268698_001,PROCÈS BAMBERSKI MULHOUSE,0:13:08,00:01:45 ,788.0,105.0,893.0,True
393,5268698_001_015,5268698_001,Brève : VIOL LA ROCHELLE - TESTS ADN NÉGATIFS POUR TOUT LE LYCÉE,0:14:53,00:00:22 ,893.0,22.0,915.0,True
394,5268698_001_017,5268698_001,GARE CAGNES-SUR-MER - RABOTAGE QUAI + RÉACTIONS,0:15:54,00:01:34 ,954.0,94.0,1048.0,True
395,5268698_001_018,5268698_001,Brève : VOTE GB EUROPÉENNES,0:17:28,00:00:25 ,1048.0,25.0,1073.0,True
396,5268698_001_019,5268698_001,MANUEL VALLS À BARCELONE,0:18:18,00:01:16 ,1098.0,76.0,1174.0,True
397,5268698_001_021,5268698_001,UMP - LA GUERRE DES CHEFS,0:20:11,00:00:57 ,1211.0,57.0,1268.0,True
398,5268698_001_022,5268698_001,Brève : www.francetvinfo.fr,0:21:08,00:00:10 ,1268.0,10.0,1278.0,True
399,5268698_001_024,5268698_001,VERS UNE ÉVACUATION DES MIGRANTS DE CALAIS,0:21:50,00:01:59 ,1310.0,119.0,1429.0,True
400,5268698_001_026,5268698_001,BILAN SAISIE FAUX MÉDICAMENTS,0:24:12,00:02:02 ,1452.0,122.0,1574.0,True
401,5268698_001_028,5268698_001,PRÉVENTION DEPISTAGE MÉLANOME,0:26:49,00:02:00 ,1609.0,120.0,1729.0,True
402,5268698_001_030,5268698_001,JEAN-DANIEL FLAYSAKIER,0:29:15,00:01:20 ,1755.0,80.0,1835.0,True
403,5268698_001_032,5268698_001,MASCOTTE COUPE DU MONDE,0:31:03,00:00:56 ,1863.0,56.0,1919.0,True
404,5268698_001_034,5268698_001,ALSACE - ORCHIDÉES,0:32:27,00:02:03 ,1947.0,123.0,2070.0,True
405,5268698_001_036,5268698_001,FEUILLETON 4 / Les géants de la Seine,0:34:59,00:04:44 ,2099.0,284.0,2383.0,True
406,5268698_001_037,5268698_001,Brève : PRÉSENTATION ÉQUIPE FEUILLETON,0:39:43,00:00:03 ,2383.0,3.0,2386.0,True
407,5268698_001_038,5268698_001,Couple Béjo-Hazanavicius,0:40:14,00:01:45 ,2414.0,105.0,2519.0,True
408,5268698_001_040,5268698_001,Les cinq dernières minutes : Jean-Gabriel Causse,0:42:02,00:05:09 ,2522.0,309.0,2831.0,True
416,5268717_001,5268717_001,20 heures : [émission du 22 mai 2014],00:00:00,00:42:02 ,0.0,2522.0,2522.0,True
417,5268717_001_001,5268717_001,[Plateau début],0:00:04,00:01:16 ,4.0,76.0,80.0,True
418,5268717_001_002,5268717_001,[Lutte contre l'évasion fiscale],0:03:25,00:01:26 ,205.0,86.0,291.0,True
419,5268717_001_003,5268717_001,"[Plateau analyse : Jean Paul Chapel, Fraude fiscale]",0:05:48,00:00:06 ,348.0,6.0,354.0,True
420,5268717_001_004,5268717_001,[Intempéries dans le sud ouest et le centre de la France],0:06:39,00:01:41 ,399.0,101.0,500.0,True
421,5268717_001_006,5268717_001,[Condamnation de Jamel Leulmi],0:08:45,00:01:16 ,525.0,76.0,601.0,True
422,5268717_001_007,5268717_001,[Plateau brève : Procès d'André Bamberski],0:10:01,00:00:21 ,601.0,21.0,622.0,True
423,5268717_001_008,5268717_001,[Plateau brève : Perquisition au domicile de Souad Merah],0:10:22,00:00:23 ,622.0,23.0,645.0,True
424,5268717_001_009,5268717_001,"[Plateau duplex : Paris, Disparition de Souad Merah]",0:10:55,00:00:38 ,655.0,38.0,693.0,True
425,5268717_001_010,5268717_001,[Coup d'Etat militaire en Thaïlande],0:12:46,00:01:20 ,766.0,80.0,846.0,True
426,5268717_001_011,5268717_001,"[Plateau duplex : Bangkok, Coup d'Etat militaire en Thaïlande]",0:14:16,00:00:35 ,856.0,35.0,891.0,True
427,5268717_001_012,5268717_001,[Affaire de séquestration en Californie],0:17:21,00:00:01 ,1041.0,1.0,1042.0,True
428,5268717_001_013,5268717_001,[Plateau brève : Nouveaux affrontements entre soldats ukrainiens et séparatistes],0:17:22,00:00:37 ,1042.0,37.0,1079.0,True
429,5268717_001_015,5268717_001,[Les milices pro-russes opposés à l'élection présidentielle en Ukraine],0:17:59,00:02:02 ,1079.0,122.0,1201.0,True
430,5268717_001_017,5268717_001,Elections européennes en Grande Bretagne et aux Pays Bas,0:20:36,00:02:12 ,1236.0,132.0,1368.0,True
431,5268717_001_019,5268717_001,[Cartes de séjour contre investissements],0:22:43,00:03:43 ,1363.0,223.0,1586.0,True
432,5268717_001_020,5268717_001,"[Plateau duplex : La Plaine Saint Denis, Débat des Européennes]",0:26:43,00:00:54 ,1603.0,54.0,1657.0,True
433,5268717_001_021,5268717_001,[Ecarts de prix dans les soins des hôpitaux],0:28:07,00:02:23 ,1687.0,143.0,1830.0,True
434,5268717_001_022,5268717_001,[Plateau brève : Report de l'examen de la loi Famille],0:30:30,00:00:19 ,1830.0,19.0,1849.0,True
435,5268717_001_023,5268717_001,[Maisons mulitigénérationnelles aux Etats Unis],0:31:19,00:02:33 ,1879.0,153.0,2032.0,True
436,5268717_001_024,5268717_001,[Plateau brève : Mise en examen d'Isabelle Balkany],0:33:52,00:00:13 ,2032.0,13.0,2045.0,True
437,5268717_001_025,5268717_001,[Surveillance des comportements des clients dans les supermarchés],0:34:34,00:04:03 ,2074.0,243.0,2317.0,True
438,5268717_001_027,5268717_001,[Ecole de délation en Corée du Sud],0:39:04,00:02:51 ,2344.0,171.0,2515.0,True
439,5268717_001_029,5268717_001,[Baisse de la consommation du lait],0:42:42,00:03:32 ,2562.0,212.0,2774.0,True
440,5268717_001_030,5268717_001,[Plateau fin],0:46:14,00:00:20 ,2774.0,20.0,2794.0,True
447,5269175_001,5269175_001,6h30 le journal : [émission du 23 mai 2014],00:00:00,00:04:14 ,0.0,254.0,254.0,True
448,5269175_001_002,5269175_001,UNEDIC/RAPPORT CHOMAGE 300 000 demandeurs d'emploi,0:00:28,00:00:55 ,28.0,55.0,83.0,True
449,5269175_001_003,5269175_001,Brève : NEW OFF/FRAUDE PRESTATIONS FAMILIALES,0:01:23,00:00:24 ,83.0,24.0,107.0,True
450,5269175_001_004,5269175_001,ELECTIONS MODE D'EMPLOI,0:02:02,00:00:54 ,122.0,54.0,176.0,True
451,5269175_001_006,5269175_001,FETE DES VOISINS,0:03:04,00:00:50 ,184.0,50.0,234.0,True
452,5269175_001_007,5269175_001,fin,0:03:54,00:00:02 ,234.0,2.0,236.0,True
453,5269179_001,5269179_001,7h00 le journal : [émission du 23 mai 2014],00:00:00,00:10:09 ,0.0,609.0,609.0,True
454,5269179_001_002,5269179_001,FRAUDES PRESTATIONS FAMILIALES,0:00:22,00:00:52 ,22.0,52.0,74.0,True
455,5269179_001_003,5269179_001,Brève : SAISIE MEDICAMENTS CONTREFAITS/COUP FILET INTERNAT,0:01:14,00:00:19 ,74.0,19.0,93.0,True
456,5269179_001_004,5269179_001,UNEDIC/RAPPORT CHOMAGE 300 000 demandeurs d'emploi,0:01:44,00:00:54 ,104.0,54.0,158.0,True
457,5269179_001_005,5269179_001,Brève : GROGNE MILITAIRES SUR LE BUDGET/LETTRE LE DRIAN,0:02:38,00:00:30 ,158.0,30.0,188.0,True
458,5269179_001_006,5269179_001,Brève : THAILANDE/LEVEE COUVRE-FEU,0:03:08,00:00:21 ,188.0,21.0,209.0,True
459,5269179_001_007,5269179_001,Brève : DEPOUILLEMENT VOTE des PAYS/GB et PAYS BAS,0:03:29,00:00:33 ,209.0,33.0,242.0,True
460,5269179_001_008,5269179_001,Brève : VOTE 2 PAYS aujourd'hui/TCHECOSLOVAQUIE et IRLANDE,0:04:02,00:00:03 ,242.0,3.0,245.0,True
461,5269179_001_009,5269179_001,ELECTIONS MODE D'EMPLOI,0:04:21,00:00:54 ,261.0,54.0,315.0,True
462,5269179_001_011,5269179_001,NOUVELLE DONNE,0:05:39,00:00:20 ,339.0,20.0,359.0,True
463,5269179_001_013,5269179_001,REACTION CANDIDAT NLLE DONNE,0:06:00,00:00:18 ,360.0,18.0,378.0,True
464,5269179_001_015,5269179_001,PLT BARCO /HABITUDES EUROPEENNES,0:06:32,00:00:54 ,392.0,54.0,446.0,True
465,5269179_001_016,5269179_001,------illustr 1 : lit (A31),0:07:26,00:00:30 ,446.0,30.0,476.0,True
466,5269179_001_017,5269179_001,------illustr 2 : chaussures (A32),0:07:56,00:00:30 ,476.0,30.0,506.0,True
467,5269179_001_018,5269179_001,-----illustr 3 : jus d'orange (A33),0:08:26,00:00:30 ,506.0,30.0,536.0,True
468,5269179_001_020,5269179_001,"CANNES/""MOMMY"" de XAVIER DOLAN",0:09:12,00:00:57 ,552.0,57.0,609.0,True
469,5269179_001_021,5269179_001,Brève : ROLAND GARROS/DERNIERS PREPARATIFS,0:10:09,00:00:20 ,609.0,20.0,629.0,True
470,5269179_001_022,5269179_001,FETE DES VOISINS,0:10:45,00:01:00 ,645.0,60.0,705.0,True
471,5269182_001,5269182_001,7h30 le journal : [émission du 23 mai 2014],00:00:00,00:07:52 ,0.0,472.0,472.0,True
472,5269182_001_002,5269182_001,UNEDIC/RAPPORT CHOMAGE 300 000 demandeurs d'emploi,0:00:35,00:00:56 ,35.0,56.0,91.0,True
473,5269182_001_003,5269182_001,Brève : NEW OFF/FRAUDE PRESTATIONS FAMILIALES,0:01:31,00:00:16 ,91.0,16.0,107.0,True
474,5269182_001_004,5269182_001,DEPOUILLEMENT VOTE 2 PAYS /GB ET PAYS BAS,0:01:56,00:00:23 ,116.0,23.0,139.0,True
475,5269182_001_006,5269182_001,ELECTIONS MODE D'EMPLOI,0:02:28,00:00:54 ,148.0,54.0,202.0,True
476,5269182_001_007,5269182_001,Brève : NOUVELLE DONNE,0:03:22,00:00:21 ,202.0,21.0,223.0,True
477,5269182_001_008,5269182_001,REACTION CANDIDAT NLLE DONNE,0:03:44,00:00:18 ,224.0,18.0,242.0,True
478,5269182_001_010,5269182_001,PLT BARCO /HABITUDES EUROPEENNES,0:04:14,00:00:28 ,254.0,28.0,282.0,True
479,5269182_001_012,5269182_001,"CANNES/""MOMMY"" de XAVIER DOLAN",0:04:57,00:00:59 ,297.0,59.0,356.0,True
480,5269182_001_014,5269182_001,FETE DES VOISINS,0:06:04,00:00:49 ,364.0,49.0,413.0,True
481,5269182_001_016,5269182_001,ROLAND GARROS/PREPARATIFS,0:07:05,00:00:55 ,425.0,55.0,480.0,True
482,5269182_001_017,5269182_001,fin,0:08:00,00:00:02 ,480.0,2.0,482.0,True
483,5269182_001_018,5269182_001,TEASING RAPPORT UNEDIC,0:08:02,00:00:17 ,482.0,17.0,499.0,True
484,5269182_001_019,5269182_001,TEASING HABITUDES EUROPEENNES,0:08:19,00:00:24 ,499.0,24.0,523.0,True
485,5269182_001_020,5269182_001,TEASING FETE DES VOISINS,0:08:43,00:00:21 ,523.0,21.0,544.0,True
487,5269186_001,5269186_001,8h00 le journal : [émission du 23 mai 2014],00:00:00,00:11:11 ,0.0,671.0,671.0,True
488,5269186_001_002,5269186_001,FRAUDES PRESTATIONS FAMILIALES,0:00:20,00:01:02 ,20.0,62.0,82.0,True
489,5269186_001_003,5269186_001,Brève : SAISIE MEDICAMENTS CONTREFAITS/COUP FILET INTERNAT,0:01:22,00:00:18 ,82.0,18.0,100.0,True
490,5269186_001_004,5269186_001,UNEDIC/RAPPORT CHOMAGE 300 000 demandeurs d'emploi,0:01:49,00:00:57 ,109.0,57.0,166.0,True
491,5269186_001_005,5269186_001,Brève : GROGNE MILITAIRES SUR LE BUDGET/LETTRE LE DRIAN,0:02:46,00:00:26 ,166.0,26.0,192.0,True
492,5269186_001_006,5269186_001,Brève : THAILANDE/LEVEE COUVRE-FEU,0:03:12,00:00:18 ,192.0,18.0,210.0,True
493,5269186_001_007,5269186_001,Brève : DEPOUILLEMENT VOTE des PAYS/GB et PAYS BAS,0:03:30,00:00:24 ,210.0,24.0,234.0,True
494,5269186_001_008,5269186_001,Brève : VOTE 2 PAYS aujourd'hui/TCHECO ET IRLANDE,0:03:54,00:00:09 ,234.0,9.0,243.0,True
495,5269186_001_009,5269186_001,ELECTIONS MODE D'EMPLOI,0:04:12,00:00:55 ,252.0,55.0,307.0,True
496,5269186_001_010,5269186_001,Brève : NOUVELLE DONNE,0:05:07,00:00:21 ,307.0,21.0,328.0,True
497,5269186_001_011,5269186_001,REACTION CANDIDAT NLLE DONNE,0:05:29,00:00:18 ,329.0,18.0,347.0,True
498,5269186_001_013,5269186_001,PLT BARCO /HABITUDES EUROPEENNES,0:05:58,00:00:54 ,358.0,54.0,412.0,True
499,5269186_001_015,5269186_001,"CANNES/""MOMMY"" de XAVIER DOLAN",0:07:06,00:00:57 ,426.0,57.0,483.0,True
500,5269186_001_017,5269186_001,ROLAND GARROS,0:08:11,00:00:57 ,491.0,57.0,548.0,True
501,5269186_001_019,5269186_001,FETE DES VOISINS,0:09:20,00:00:48 ,560.0,48.0,608.0,True
502,5269186_001_020,5269186_001,Brève : OURSONNE AUTOROUTE AU CANADA,0:10:08,00:00:24 ,608.0,24.0,632.0,True
503,5269186_001_021,5269186_001,Brève : fin,0:10:32,00:00:02 ,632.0,2.0,634.0,True
510,5269210_001,5269210_001,13 heures : [émission du 23 mai 2014],00:00:00,00:45:24 ,0.0,2724.0,2724.0,True
511,5269210_001_001,5269210_001,Brève : LANCEMENT TITRES DU 13H,0:00:01,00:01:17 ,1.0,77.0,78.0,True
512,5269210_001_003,5269210_001,LE DRIAN- RÉDUCTIONS DÉPENSES MILITAIRES,0:02:56,00:01:51 ,176.0,111.0,287.0,True
513,5269210_001_005,5269210_001,Bilan fraude sociale 2013,0:05:22,00:02:05 ,322.0,125.0,447.0,True
514,5269210_001_007,5269210_001,LOCATAIRE AIRBNB CONDAMNÉ POUR SOUS LOCATION,0:07:44,00:01:15 ,464.0,75.0,539.0,True
515,5269210_001_009,5269210_001,ALLINGES- ÉCOLE SUPPRIME FETE DES MÈRES,0:09:35,00:01:35 ,575.0,95.0,670.0,True
516,5269210_001_011,5269210_001,UKRAINE- ÉLECTIONS PRÉSIDENTIELLES DIFFICILES A ORGANISER,0:11:41,00:02:15 ,701.0,135.0,836.0,True
517,5269210_001_013,5269210_001,Pays-Bas : les populistes semblent en perte de vitesse,0:14:18,00:01:19 ,858.0,79.0,937.0,True
518,5269210_001_015,5269210_001,SONORE FLORIAN  PHILIPPOT,0:15:53,00:00:44 ,953.0,44.0,997.0,True
519,5269210_001_016,5269210_001,Brève : Teaser annonce soirée europénne,0:16:37,00:00:12 ,997.0,12.0,1009.0,True
520,5269210_001_017,5269210_001,EUROPE FINANCE LES CV SUR RONDS DE SERVIETTES RESTAURANTS,0:17:18,00:01:34 ,1038.0,94.0,1132.0,True
521,5269210_001_019,5269210_001,AIDER SANS ASSISTER (V3),0:19:13,00:03:12 ,1153.0,192.0,1345.0,True
522,5269210_001_021,5269210_001,LES RETRAITÉS EN VACANCES,0:23:04,00:02:53 ,1384.0,173.0,1557.0,True
523,5269210_001_023,5269210_001,MANU TISSIER / BUDGET VACANCES RETRAITÉS,0:25:58,00:01:28 ,1558.0,88.0,1646.0,True
524,5269210_001_025,5269210_001,ALSACE - UN BISTROT A LA MAIRIE,0:27:50,00:01:30 ,1670.0,90.0,1760.0,True
525,5269210_001_027,5269210_001,MONTALIVET ET SOULAC REFONT PLAGES APRÈS TEMPÊTE,0:29:56,00:02:35 ,1796.0,155.0,1951.0,True
526,5269210_001_029,5269210_001,FEUILLETON 5 / Les géants de la Seine,0:32:54,00:04:13 ,1974.0,253.0,2227.0,True
527,5269210_001_030,5269210_001,Brève : PRÉSENTATION ÉQUIPE FEUILLETON,0:37:07,00:00:08 ,2227.0,8.0,2235.0,True
528,5269210_001_031,5269210_001,ÉLISE & YOUSSEF BOUCHIKHI,0:37:23,00:02:16 ,2243.0,136.0,2379.0,True
529,5269210_001_033,5269210_001,FETE DES VOISINS,0:41:27,00:01:23 ,2487.0,83.0,2570.0,True
530,5269210_001_035,5269210_001,"Les cinq dernières minutes : Marlène Schiappa présidente de l'association ""Maman travaille""",0:43:04,00:05:16 ,2584.0,316.0,2900.0,True
537,5269232_001,5269232_001,20 heures : [émission du 23 mai 2014],00:00:00,00:39:50 ,0.0,2390.0,2390.0,True
538,5269232_001_001,5269232_001,[Plateau début],0:00:03,00:01:19 ,3.0,79.0,82.0,True
539,5269232_001_002,5269232_001,[Coupes budgétaires dans la défense],0:03:46,00:02:05 ,226.0,125.0,351.0,True
540,5269232_001_003,5269232_001,"[Plateau duplex : Paris, Réduction du budget militaire]",0:06:02,00:00:50 ,362.0,50.0,412.0,True
541,5269232_001_004,5269232_001,[Inquiétude des sous-traitants de l'armée],0:08:12,00:01:50 ,492.0,110.0,602.0,True
542,5269232_001_006,5269232_001,[Attaques à la voiture bélier contre des bijouteries],0:10:41,00:01:54 ,641.0,114.0,755.0,True
543,5269232_001_007,5269232_001,"[Plateau analyse : Jean Paul Chapel, Fraudes aux prestations sociales]",0:12:47,00:01:16 ,767.0,76.0,843.0,True
544,5269232_001_008,5269232_001,[Brigades de lutte contre la fraude fiscale],0:14:37,00:03:21 ,877.0,201.0,1078.0,True
545,5269232_001_009,5269232_001,"[Plateau duplex : Bruxelles, Elections européenens]",0:18:09,00:00:53 ,1089.0,53.0,1142.0,True
546,5269232_001_010,5269232_001,[Plateau brève : Abstention aux élections européennes],0:19:52,00:00:14 ,1192.0,14.0,1206.0,True
547,5269232_001_011,5269232_001,Le poids des abstentionnistes sur les élections européennes,0:20:13,00:01:40 ,1213.0,100.0,1313.0,True
548,5269232_001_012,5269232_001,[Plateau brève : Quizz TV Info],0:21:53,00:00:11 ,1313.0,11.0,1324.0,True
549,5269232_001_013,5269232_001,[Plateau brève : Fête des voisins],0:22:07,00:00:27 ,1327.0,27.0,1354.0,True
550,5269232_001_014,5269232_001,[Plateau brève : Sondage sur les rapports entre voisins],0:22:34,00:00:03 ,1354.0,3.0,1357.0,True
551,5269232_001_015,5269232_001,[Immersion dans le monde des concierges],0:22:54,00:06:27 ,1374.0,387.0,1761.0,True
552,5269232_001_016,5269232_001,[Plateau : Rappel des titres],0:29:21,00:00:25 ,1761.0,25.0,1786.0,True
553,5269232_001_017,5269232_001,[Chute d'un chercheur américain dans un crevasse au Népal],0:30:02,00:01:26 ,1802.0,86.0,1888.0,True
554,5269232_001_019,5269232_001,[Découverte de nouvelles espéces animales en 2013],0:31:43,00:01:38 ,1903.0,98.0,2001.0,True
555,5269232_001_021,5269232_001,[Les plus beaux chais de France],0:33:55,00:04:03 ,2035.0,243.0,2278.0,True
556,5269232_001_022,5269232_001,"[Plateau duplex : Cannes, Montée des marches]",0:38:13,00:00:56 ,2293.0,56.0,2349.0,True
557,5269232_001_023,5269232_001,"Cannes, meilleure vitrine des couturiers",0:39:49,00:01:34 ,2389.0,94.0,2483.0,True
558,5269232_001_025,5269232_001,"[Toulon, capitale nationale du rugby]",0:42:01,00:01:53 ,2521.0,113.0,2634.0,True
559,5269232_001_026,5269232_001,[Plateau fin],0:43:54,00:00:18 ,2634.0,18.0,2652.0,True
563,5269476_001,5269476_001,7h00 le journal : [émission du 24 mai 2014],00:00:00,00:05:04 ,0.0,304.0,304.0,True
564,5269476_001_002,5269476_001,PARLEMENT EUROPÉEN,0:00:26,00:01:07 ,26.0,67.0,93.0,True
565,5269476_001_004,5269476_001,THAILANDE / SUITE COUP D'ETAT,0:01:50,00:01:22 ,110.0,82.0,192.0,True
566,5269476_001_005,5269476_001,Brève : PHILIP PLISSON / CONDAMNATION VIOL,0:03:12,00:00:27 ,192.0,27.0,219.0,True
567,5269476_001_006,5269476_001,RUGBY,0:03:51,00:00:56 ,231.0,56.0,287.0,True
568,5269476_001_008,5269476_001,PAGE DE FIN,0:04:54,00:00:05 ,294.0,5.0,299.0,True
569,5269479_001,5269479_001,7h30 le journal : [émission du 24 mai 2014],00:00:00,00:09:46 ,0.0,586.0,586.0,True
570,5269479_001_001,5269479_001,------ Point Route DAVID LEFORT,0:00:03,00:02:00 ,3.0,120.0,123.0,True
571,5269479_001_002,5269479_001,------ Générique Fin Point Route,0:02:03,00:00:05 ,123.0,5.0,128.0,True
572,5269479_001_005,5269479_001,PARLEMENT EUROPÉEN,0:02:31,00:01:07 ,151.0,67.0,218.0,True
573,5269479_001_006,5269479_001,Brève : PHILIP PLISSON,0:03:38,00:00:15 ,218.0,15.0,233.0,True
574,5269479_001_007,5269479_001,Brève :  CARTE DE BRETTEVILLE-LE-RABET,0:03:53,00:00:16 ,233.0,16.0,249.0,True
575,5269479_001_008,5269479_001,MAIRE ÉMASCULÉ,0:04:11,00:01:01 ,251.0,61.0,312.0,True
576,5269479_001_010,5269479_001,THAILANDE / SUITE COUP D'ETAT,0:05:29,00:01:22 ,329.0,82.0,411.0,True
577,5269479_001_012,5269479_001,UKRAINE,0:07:07,00:01:06 ,427.0,66.0,493.0,True
578,5269479_001_013,5269479_001,Brève : VISITE PAPE,0:08:13,00:00:16 ,493.0,16.0,509.0,True
579,5269479_001_014,5269479_001,ABEILLES SOUS HAUTE SURVEILLANCE,0:08:42,00:01:00 ,522.0,60.0,582.0,True
580,5269479_001_015,5269479_001,Brève : JOUEUR PSG,0:09:42,00:00:21 ,582.0,21.0,603.0,True
581,5269479_001_016,5269479_001,RUGBY,0:10:19,00:00:56 ,619.0,56.0,675.0,True
582,5269479_001_017,5269479_001,Brève : CANNES,0:11:15,00:00:31 ,675.0,31.0,706.0,True
583,5269479_001_018,5269479_001,PAGE DE FIN,0:12:08,00:00:05 ,728.0,5.0,733.0,True
584,5269479_001_021,5269479_001,PATRICIA CHARBONNIER,0:13:43,00:00:02 ,823.0,2.0,825.0,True
585,5269479_001_022,5269479_001,------ Cartes météo,0:13:45,00:00:30 ,825.0,30.0,855.0,True
586,5269479_001_023,5269479_001,------ Températures,0:14:15,00:00:19 ,855.0,19.0,874.0,True
587,5269479_001_024,5269479_001,------ Tendances,0:14:34,00:00:41 ,874.0,41.0,915.0,True
588,5269482_001,5269482_001,8h00 le journal : [émission du 24 mai 2014],00:00:00,00:10:04 ,0.0,604.0,604.0,True
589,5269482_001_002,5269482_001,PARLEMENT EUROPÉEN,0:00:24,00:01:08 ,24.0,68.0,92.0,True
590,5269482_001_003,5269482_001,Brève : PHILIP PLISSON,0:01:32,00:00:24 ,92.0,24.0,116.0,True
591,5269482_001_004,5269482_001,THAILANDE / SUITE COUP D'ETAT,0:02:15,00:01:21 ,135.0,81.0,216.0,True
592,5269482_001_005,5269482_001,Brève : UKRAINE,0:03:36,00:00:26 ,216.0,26.0,242.0,True
593,5269482_001_006,5269482_001,Brève : DEPART DU PAPE,0:04:02,00:00:23 ,242.0,23.0,265.0,True
594,5269482_001_007,5269482_001,Invité CHRISTOPHE ALÉVEQUE,0:04:50,00:02:32 ,290.0,152.0,442.0,True
595,5269482_001_008,5269482_001,------ illustr. (A71) affiche du spectacle,0:07:22,00:01:20 ,442.0,80.0,522.0,True
596,5269482_001_010,5269482_001,ABEILLES SOUS HAUTE SURVEILLANCE,0:08:58,00:01:00 ,538.0,60.0,598.0,True
597,5269482_001_012,5269482_001,RUGBY,0:10:11,00:00:56 ,611.0,56.0,667.0,True
598,5269482_001_014,5269482_001,PAGE DE FIN,0:11:15,00:00:05 ,675.0,5.0,680.0,True
599,5269482_001_017,5269482_001,PATRICIA CHARBONNIER,0:11:32,00:01:28 ,692.0,88.0,780.0,True
600,5269482_001_018,5269482_001,------ Cartes météo,0:13:00,00:00:30 ,780.0,30.0,810.0,True
601,5269482_001_019,5269482_001,------ Températures,0:13:30,00:00:19 ,810.0,19.0,829.0,True
602,5269482_001_020,5269482_001,------ Tendances,0:13:49,00:00:41 ,829.0,41.0,870.0,True
606,5269506_001,5269506_001,13 heures : [émission du 24 mai 2014],00:00:00,00:20:34 ,0.0,1234.0,1234.0,True
607,5269506_001_001,5269506_001,Brève : Bonjour Laurent Delahousse,0:00:04,00:00:49 ,4.0,49.0,53.0,True
608,5269506_001_003,5269506_001,LES SUPPORTERS DE TOULON SE PRÉPARENT,0:02:50,00:01:10 ,170.0,70.0,240.0,True
609,5269506_001_005,5269506_001,CARDIFF/ LARTOT- IBANEZ,0:04:09,00:00:52 ,249.0,52.0,301.0,True
610,5269506_001_006,5269506_001,Brève : ARRIVÉE DU PAPE / PELERINAGE EN JORDANIE,0:05:40,00:00:24 ,340.0,24.0,364.0,True
611,5269506_001_007,5269506_001,Brève : SOLDATS FRANCAIS BAMBARI,0:06:04,00:00:13 ,364.0,13.0,377.0,True
612,5269506_001_009,5269506_001,ELECTIONS EN UKRAINE (COUPLE DECHIRE),0:06:45,00:01:58 ,405.0,118.0,523.0,True
613,5269506_001_011,5269506_001,KIEV/ ALBAN MIKOCZY,0:08:57,00:00:50 ,537.0,50.0,587.0,True
614,5269506_001_012,5269506_001,Brève : VOTES ELECTIONS EUROPEENNES,0:10:42,00:00:22 ,642.0,22.0,664.0,True
615,5269506_001_013,5269506_001,PHILIP PLISSON CONDAMNATION POUR VIOL,0:11:25,00:01:18 ,685.0,78.0,763.0,True
616,5269506_001_014,5269506_001,Brève : SANTA BARBARA FUSILLADE CAMPUS,0:12:43,00:00:13 ,763.0,13.0,776.0,True
617,5269506_001_016,5269506_001,ADRIANA KAREMBEU- CROIX ROUGE,0:13:25,00:01:22 ,805.0,82.0,887.0,True
618,5269506_001_018,5269506_001,MONTAUBAN FETE DES VOISINS,0:14:58,00:01:30 ,898.0,90.0,988.0,True
619,5269506_001_020,5269506_001,Cannes les 3 films qui ont marqué la quinzaine,0:16:55,00:01:44 Env.,1015.0,104.0,1119.0,True
620,5269506_001_021,5269506_001,Brève : Prix François Chalais,0:18:39,00:00:14 ,1119.0,14.0,1133.0,True
621,5269506_001_022,5269506_001,WEEK END GERS : LE COCHON NOIR DE BIGORRE,0:19:02,00:02:49 ,1142.0,169.0,1311.0,True
622,5269506_001_023,5269506_001,Brève : CHAMPIONS LEAGUE,0:21:51,00:00:16 ,1311.0,16.0,1327.0,True
623,5269506_001_025,5269506_001,VERSAILLES NOUVEAU SOUTERRAIN EN 2015,0:22:29,00:01:46 ,1349.0,106.0,1455.0,True
624,5269506_001_027,5269506_001,Page de Fin+ Lancement 13h15,0:25:29,00:00:04 ,1529.0,4.0,1533.0,True
625,5269507_001,5269507_001,13h15 le samedi : [émission du 24 mai 2014],00:00:00,00:32:18 ,0.0,1938.0,1938.0,True
626,5269507_001_002,5269507_001,Kerviel : l'ange et le démon,0:01:15,00:30:16 ,75.0,1816.0,1891.0,True
627,5269511_001,5269511_001,"Un rêve sans fin, cinq ans après",00:00:00,00:40:46 ,0.0,2446.0,2446.0,True
628,5269511_001_002,5269511_001,Envoyé spécial : la suite 2ème partie,0:01:28,00:30:00 ,88.0,1800.0,1888.0,True
629,5269515_001,5269515_001,Grand public : [émission du 24 mai 2014],00:00:00,00:45:01 ,0.0,2701.0,2701.0,True
630,5269515_001_004,5269515_001,[Plateau extérieur : 1ère partie et sommaire en images],0:00:20,00:01:35 ,20.0,95.0,115.0,True
631,5269515_001_005,5269515_001,Ryan Gosling : les paradoxes d'une star,0:01:55,00:06:10 ,115.0,370.0,485.0,True
632,5269515_001_007,5269515_001,Affaire Le Roux : un film à charge ?,0:08:25,00:07:10 ,505.0,430.0,935.0,True
633,5269515_001_009,5269515_001,Brigitte Bardot : et Cannes créa BB,0:15:56,00:07:30 ,956.0,450.0,1406.0,True
634,5269515_001_011,5269515_001,Le couple de cinéma : Hazanavicius et Béjo,0:23:45,00:07:10 ,1425.0,430.0,1855.0,True
635,5269515_001_013,5269515_001,L'entretien : Gaspard Ulliel,0:31:15,00:07:40 ,1875.0,460.0,2335.0,True
636,5269515_001_015,5269515_001,Sophia Loren : l'hommage à Marcello,0:39:19,00:04:24 ,2359.0,264.0,2623.0,True
638,5269522_001,5269522_001,20 heures : [émission du 24 mai 2014],00:00:00,00:44:29 ,0.0,2669.0,2669.0,True
639,5269522_001_001,5269522_001,[Plateau début],0:00:01,00:01:22 ,1.0,82.0,83.0,True
640,5269522_001_002,5269522_001,[Plateau brève : rugby. Toulon champion d'Europe],0:01:23,00:00:40 ,83.0,40.0,123.0,True
641,5269522_001_003,5269522_001,[Belgique : fusillade au Musée Juif de Bruxelles],0:02:03,00:01:26 ,123.0,86.0,209.0,True
642,5269522_001_004,5269522_001,[Plateau extérieur : François Beaudonnet à Bruxelles : 1ère partie],0:03:29,00:01:15 ,209.0,75.0,284.0,True
643,5269522_001_005,5269522_001,Centrafrique : combats entre soldats français et miliciens Séléka,0:05:00,00:00:49 ,300.0,49.0,349.0,True
644,5269522_001_006,5269522_001,[Plateau lancement : le Pape François en Jordanie],0:05:49,00:00:21 ,349.0,21.0,370.0,True
645,5269522_001_007,5269522_001,Le Pape François en Jordanie,0:06:10,00:01:39 ,370.0,99.0,469.0,True
646,5269522_001_008,5269522_001,[Plateau lancement : élections européennes 2014 : présentation du scrutin],0:07:49,00:00:20 ,469.0,20.0,489.0,True
647,5269522_001_009,5269522_001,[Elections européennes 2014 : présentation du scrutin],0:08:09,00:01:04 ,489.0,64.0,553.0,True
648,5269522_001_010,5269522_001,Elections européenens 2014 : présentation de la soirée sur France 2,0:09:24,00:01:08 ,564.0,68.0,632.0,True
649,5269522_001_011,5269522_001,[Plateau lancement : Ukraine : la situation à Slaviansk avant l'élection présidentielle],0:10:32,00:00:23 ,632.0,23.0,655.0,True
650,5269522_001_012,5269522_001,[Ukraine : la situation à Slaviansk avant l'élection présidentielle],0:10:55,00:02:00 ,655.0,120.0,775.0,True
651,5269522_001_013,5269522_001,[Plateau extérieur : Alban Mikoczy à Kiev],0:12:55,00:01:27 ,775.0,87.0,862.0,True
652,5269522_001_014,5269522_001,[Le photographe Philip Plisson condamné pour viol],0:14:22,00:01:17 ,862.0,77.0,939.0,True
653,5269522_001_015,5269522_001,[Plateau lancement] : Grand Format : [la police technique subaquatique],0:15:39,00:00:20 ,939.0,20.0,959.0,True
654,5269522_001_016,5269522_001,Grand format : [la police technique subaquatique],0:15:59,00:04:58 ,959.0,298.0,1257.0,True
655,5269522_001_017,5269522_001,[Plateau lancement : campagne de solidarité de la Croix Rouge],0:20:57,00:00:16 ,1257.0,16.0,1273.0,True
656,5269522_001_018,5269522_001,[Campagne de solidarité de la Croix Rouge],0:21:13,00:01:49 ,1273.0,109.0,1382.0,True
657,5269522_001_019,5269522_001,[Plateau lancement : les prénoms à la mode],0:23:02,00:00:15 ,1382.0,15.0,1397.0,True
658,5269522_001_020,5269522_001,[Les prénoms à la mode],0:23:17,00:03:02 ,1397.0,182.0,1579.0,True
659,5269522_001_021,5269522_001,[Plateau lancement : le personal shopper : un styliste pour particuliers],0:26:19,00:00:51 ,1579.0,51.0,1630.0,True
660,5269522_001_022,5269522_001,[Le personal shopper : un styliste pour particuliers],0:27:10,00:03:00 ,1630.0,180.0,1810.0,True
661,5269522_001_023,5269522_001,[Plateau lancement : découverte touristique du Gers],0:30:10,00:00:13 ,1810.0,13.0,1823.0,True
662,5269522_001_024,5269522_001,[Découverte touristique du Gers],0:30:23,00:03:50 ,1823.0,230.0,2053.0,True
663,5269522_001_025,5269522_001,[Rugby. Finale de la coupe d'Europe 13/14 : Toulon bat Saracens],0:34:34,00:01:52 ,2074.0,112.0,2186.0,True
664,5269522_001_026,5269522_001,[Plateau brève : rugby : joie des supporters toulonnais],0:36:26,00:00:18 ,2186.0,18.0,2204.0,True
665,5269522_001_027,5269522_001,[Plateau extérieur : Bernard Laporte à Cardiff],0:36:44,00:02:05 ,2204.0,125.0,2329.0,True
666,5269522_001_028,5269522_001,Cannes : le palmarès du 67ème festival de Cannes,0:38:49,00:01:54 ,2329.0,114.0,2443.0,True
667,5269522_001_029,5269522_001,[Plateau brève : vente aux enchères d'une planche d'Hergé],0:40:43,00:00:40 ,2443.0,40.0,2483.0,True
668,5269522_001_030,5269522_001,Belgique : fusillade à Bruxelles,0:41:23,00:01:19 ,2483.0,79.0,2562.0,True
669,5269522_001_031,5269522_001,[Plateau extérieur : François Beaudonnet à Bruxelles : 2ème partie],0:42:42,00:01:12 ,2562.0,72.0,2634.0,True
670,5269522_001_032,5269522_001,[Plateau fin],0:43:54,00:00:36 ,2634.0,36.0,2670.0,True
671,5269522_001_033,5269522_001,[Plateau lancement : élections européenens 2014 : présentation de la soirée sur France 2],0:09:13,00:00:11 ,553.0,11.0,564.0,True
675,5269846_001,5269846_001,Rencontres à XV : [émission du 25 mai 2014],00:00:00,00:25:48 ,0.0,1548.0,1548.0,True
676,5269846_001_005,5269846_001,[Rugby. Coupe d'Europe : Toulon Saracens],0:01:31,00:05:38 ,91.0,338.0,429.0,True
677,5269846_001_007,5269846_001,[Rygby. Challenge européen : finale Bath Northampton],0:07:23,00:01:54 ,443.0,114.0,557.0,True
678,5269846_001_009,5269846_001,[Portrait de Félix le Bourhis],0:09:41,00:04:25 ,581.0,265.0,846.0,True
679,5269846_001_011,5269846_001,[Rugby. Trophée Jean Prat 1/2 finale retour : Montauban Lille],0:14:42,00:03:15 ,882.0,195.0,1077.0,True
680,5269846_001_012,5269846_001,[Rugby. Trophée Jean Prat 1/2 finale retour : Massy Tyrosse],0:17:57,00:02:03 ,1077.0,123.0,1200.0,True
681,5269846_001_014,5269846_001,[Rugby. Avant Agen La Rochelle],0:20:31,00:04:15 ,1231.0,255.0,1486.0,True
687,5269853_001,5269853_001,Festival de Cannes : 40 ans du jury oecuménique,00:00:00,01:00:42 ,0.0,3642.0,3642.0,True
688,5269853_001_002,5269853_001,[Le jury oecuménique au travail],0:01:31,00:06:44 ,91.0,404.0,495.0,True
689,5269853_001_004,5269853_001,[L'histoire du jury oecuménique du festival de Cannes],0:21:12,00:06:09 ,1272.0,369.0,1641.0,True
690,5269853_001_006,5269853_001,[Les chrétiens et le cinéma],0:39:23,00:06:25 ,2363.0,385.0,2748.0,True
691,5269853_001_008,5269853_001,[L'oecuménisme à Cannes],0:55:47,00:04:40 ,3347.0,280.0,3627.0,True
694,5269864_001,5269864_001,13 heures : [émission du 25 mai 2014],00:00:00,00:20:11 ,0.0,1211.0,1211.0,True
695,5269864_001_001,5269864_001,Brève : BONJOUR MARIE DRUCKER,0:00:04,00:01:13 ,4.0,73.0,77.0,True
696,5269864_001_003,5269864_001,FACTUEL BRUXELLES- LES FAITS+ ENQUETE,0:03:07,00:01:23 ,187.0,83.0,270.0,True
697,5269864_001_005,5269864_001,BRUXELLES/ LOUBNA ANAKI,0:04:38,00:00:37 ,278.0,37.0,315.0,True
698,5269864_001_007,5269864_001,EMOTION POPULATION ET COMMUNAUTÉ JUIVE,0:06:43,00:01:11 ,403.0,71.0,474.0,True
699,5269864_001_009,5269864_001,FRANCOIS HOLLANDE  SUR FUSILLADE BRUXELLES,0:08:05,00:00:39 ,485.0,39.0,524.0,True
700,5269864_001_010,5269864_001,Brève : AGRESSION ANTISÉMITE CRÉTEIL,0:08:44,00:00:21 ,524.0,21.0,545.0,True
701,5269864_001_011,5269864_001,MINISTÈRE DE L'INTÉRIEUR/ SOPHIE BRUNN,0:09:20,00:00:29 ,560.0,29.0,589.0,True
702,5269864_001_013,5269864_001,Paroles de Français,0:10:41,00:00:23 ,641.0,23.0,664.0,True
703,5269864_001_015,5269864_001,BERLIN /ARNAUD BOUTET,0:11:11,00:00:44 ,671.0,44.0,715.0,True
704,5269864_001_017,5269864_001,ATHENES/ ALEXIA KEFALAS,0:12:29,00:00:35 ,749.0,35.0,784.0,True
705,5269864_001_019,5269864_001,VOTE DES PERSONNALITÉS,0:13:55,00:00:46 ,835.0,46.0,881.0,True
706,5269864_001_020,5269864_001,KIEV/ ALBAN MIKOCZY,0:15:15,00:00:55 ,915.0,55.0,970.0,True
707,5269864_001_022,5269864_001,DONETSK- LES PRO RUSSES EMPECHENT LES ELECTIONS,0:16:53,00:01:15 ,1013.0,75.0,1088.0,True
708,5269864_001_024,5269864_001,Le Pape à Bethléem,0:18:39,00:01:23 ,1119.0,83.0,1202.0,True
709,5269864_001_026,5269864_001,FETE DES MERES,0:20:23,00:01:52 ,1223.0,112.0,1335.0,True
710,5269864_001_028,5269864_001,LIGUE DES CHAMPIONS,0:22:37,00:01:12 ,1357.0,72.0,1429.0,True
711,5269864_001_030,5269864_001,ROLAND GARROS/ JULIEN BENEDETTO,0:24:07,00:00:52 ,1447.0,52.0,1499.0,True
712,5269865_001,5269865_001,13h15 le dimanche : [émission du 25 mai 2014],00:00:00,01:20:48 ,0.0,4848.0,4848.0,True
713,5269865_001_002,5269865_001,Les hommes du commando Kieffer,0:00:43,00:39:50 ,43.0,2390.0,2433.0,True
714,5269865_001_004,5269865_001,Le masque d'une reine,0:41:12,00:38:47 ,2472.0,2327.0,4799.0,True
716,5269874_001,5269874_001,Stade 2 : [émission du 25 Mai 2014],00:00:00,00:48:32 ,0.0,2912.0,2912.0,True
717,5269874_001_002,5269874_001,[Tennis. Tournoi de Roland Garros : résumé des matchs de la journée],0:02:05,00:01:10 ,125.0,70.0,195.0,True
718,5269874_001_004,5269874_001,[Rugby. Coupe d'Europe : Toulon Saracens],0:06:35,00:03:53 ,395.0,233.0,628.0,True
719,5269874_001_005,5269874_001,[Duplex invités : Laporte et Tillous Borde],0:10:28,00:05:20 ,628.0,320.0,948.0,True
720,5269874_001_006,5269874_001,[Rugby. Pro D2 : La Rochelle Agen],0:15:48,00:00:45 ,948.0,45.0,993.0,True
721,5269874_001_008,5269874_001,[Rugby. Tournoi de Roland Garros : Chardy Gimeno Traver],0:17:02,00:01:03 ,1022.0,63.0,1085.0,True
722,5269874_001_010,5269874_001,[Formule 1. Grand Prix de Monaco],0:18:07,00:01:57 ,1087.0,117.0,1204.0,True
723,5269874_001_012,5269874_001,[Les News],0:20:38,00:01:48 ,1238.0,108.0,1346.0,True
724,5269874_001_014,5269874_001,"Rencontre avec Jimmy Vicaut, vice champion d'Europe 2012 du 100m",0:22:49,00:02:10 ,1369.0,130.0,1499.0,True
725,5269874_001_016,5269874_001,"[Cyclisme. Giro, tour d'Italie]",0:25:20,00:00:21 ,1520.0,21.0,1541.0,True
726,5269874_001_018,5269874_001,Cyclisme : le phénomène Bouhanni,0:26:08,00:02:48 ,1568.0,168.0,1736.0,True
727,5269874_001_020,5269874_001,[Football. Ligue des champions : Real Atletico],0:30:13,00:01:35 ,1813.0,95.0,1908.0,True
728,5269874_001_022,5269874_001,Football : la croisette Clairefontaine,0:32:17,00:02:56 ,1937.0,176.0,2113.0,True
729,5269874_001_024,5269874_001,[Tennis. Tournoi de Roland Garros : Chardy Gimeno Traver],0:35:54,00:04:03 ,2154.0,243.0,2397.0,True
730,5269874_001_025,5269874_001,[Duplex : Jo Wilfried Tsonga],0:39:57,00:02:02 ,2397.0,122.0,2519.0,True
731,5269874_001_026,5269874_001,[Tennis. Tournoi de Roland Garros : Chardy Gimeno Traver],0:41:59,00:04:06 ,2519.0,246.0,2765.0,True
732,5269874_001_028,5269874_001,[Les News],0:46:26,00:00:54 ,2786.0,54.0,2840.0,True
734,5269877_001,5269877_001,20 heures : [émission du 25 mai 2014],00:00:00,00:09:08 ,0.0,548.0,548.0,True
735,5269877_001_001,5269877_001,[Plateau début],0:00:01,00:00:17 ,1.0,17.0,18.0,True
736,5269877_001_002,5269877_001,[Fusillade au musée Juif de Bruxelles : réaction de François Hollande],0:02:52,00:00:40 ,172.0,40.0,212.0,True
737,5269877_001_003,5269877_001,[Plateau brève : agression antisémite à Créteil],0:03:32,00:00:35 ,212.0,35.0,247.0,True
738,5269877_001_004,5269877_001,Voyage du pape François en Israël,0:04:07,00:01:05 ,247.0,65.0,312.0,True
739,5269877_001_006,5269877_001,[Plateau brève : Pologne : décès du général Jaruzelski],0:05:38,00:00:20 ,338.0,20.0,358.0,True
740,5269877_001_007,5269877_001,[Plateau brève : tennis. Roland Garros 2014 : Tsonga bat Roger Vasselin],0:05:58,00:00:32 ,358.0,32.0,390.0,True
741,5269877_001_008,5269877_001,[Elections européennes 2014 : visite du Parlement de Bruxelles],0:06:30,00:02:35 ,390.0,155.0,545.0,True
742,5269877_001_009,5269877_001,[Belgique : appel à témoins de la fusillade du musée Juif],0:00:18,00:01:48 ,18.0,108.0,126.0,True
743,5269877_001_011,5269877_001,[Plateau extérieur : Loubna Anaki à Bruxelles],0:02:04,00:00:30 ,124.0,30.0,154.0,True
744,5269877_001_013,5269877_001,[Plateau brève : Ukraine : résultats de l'élection présidentielle],0:05:12,00:01:12 ,312.0,72.0,384.0,True
747,5270025_001,5270025_001,6h30 le journal : [émission du 26 mai 2014],00:00:00,00:06:37 ,0.0,397.0,397.0,True
748,5270025_001_002,5270025_001,RESULTATS EUROPEENNES,0:00:31,00:01:24 ,31.0,84.0,115.0,True
749,5270025_001_003,5270025_001,Brève : lancement sophie sur A.Bouilhaguet,0:01:55,00:00:18 ,115.0,18.0,133.0,True
750,5270025_001_004,5270025_001,PLT ALIX BOUILHAGUET/analyse politique (réunion elysée ce matin),0:02:14,00:00:48 ,134.0,48.0,182.0,True
751,5270025_001_005,5270025_001,Brève : FN/LA SOIRéE,0:03:02,00:00:29 ,182.0,29.0,211.0,True
752,5270025_001_006,5270025_001,DUPLEX NANTERRE(hts-de-seine) au siege du FN GUILLAUME DARET,0:03:44,00:00:55 ,224.0,55.0,279.0,True
753,5270025_001_007,5270025_001,----illustr fn europeennes,0:04:39,00:00:43 ,279.0,43.0,322.0,True
754,5270025_001_009,5270025_001,DUPLEX BRUXELLES/FRANCOIS BEAUDONNET,0:05:39,00:00:59 ,339.0,59.0,398.0,True
755,5270025_001_010,5270025_001,----illustr bruxelles,0:06:38,00:01:00 ,398.0,60.0,458.0,True
756,5270025_001_011,5270025_001,Brève : BELGIQUE FUSILLADE MUSEE JUIF/ENQUETE,0:07:38,00:00:34 ,458.0,34.0,492.0,True
757,5270025_001_012,5270025_001,fin,0:08:12,00:00:03 ,492.0,3.0,495.0,True
758,5270029_001,5270029_001,7h00 le journal : [émission du 26 mai 2014],00:00:00,00:12:30 ,0.0,750.0,750.0,True
759,5270029_001_001,5270029_001,Brève : RESULTATS EUROPEENNES,0:00:05,00:00:34 ,5.0,34.0,39.0,True
760,5270029_001_002,5270029_001,FN/LA SOIRéE,0:00:55,00:00:59 ,55.0,59.0,114.0,True
761,5270029_001_004,5270029_001,DUPLEX NANTERRE(hts de seine) au siege du FN GUILLAUME DARET,0:02:06,00:00:49 ,126.0,49.0,175.0,True
762,5270029_001_005,5270029_001,----illustr fn europeennes,0:02:55,00:00:35 ,175.0,35.0,210.0,True
763,5270029_001_007,5270029_001,REACTIONS,0:03:43,00:01:21 ,223.0,81.0,304.0,True
764,5270029_001_009,5270029_001,DUPLEX ELYSEE/SOPHIE BRUNN,0:05:19,00:00:58 ,319.0,58.0,377.0,True
765,5270029_001_010,5270029_001,Brève : lancement nathanael sur A.Bouilhaguet,0:06:17,00:00:08 ,377.0,8.0,385.0,True
766,5270029_001_011,5270029_001,PLT ALIX BOUILHAGUET/analyse politique,0:06:26,00:00:57 ,386.0,57.0,443.0,True
767,5270029_001_012,5270029_001,Brève : CHIFFRE PARTICIPATION 43%,0:07:23,00:00:16 ,443.0,16.0,459.0,True
768,5270029_001_013,5270029_001,DUPLEX BRUXELLES/FRANCOIS BEAUDONNET,0:07:43,00:01:10 ,463.0,70.0,533.0,True
769,5270029_001_014,5270029_001,----illustr bruxelles,0:08:53,00:00:30 ,533.0,30.0,563.0,True
770,5270029_001_016,5270029_001,DUPLEX LONDRES/LOIC DE LA MORNAIS,0:09:39,00:00:59 ,579.0,59.0,638.0,True
771,5270029_001_018,5270029_001,BELGIQUE FUSILLADE MUSEE JUIF/ENQUETE,0:10:58,00:00:54 ,658.0,54.0,712.0,True
772,5270029_001_020,5270029_001,PAPE EN ISRAEL,0:12:04,00:00:54 ,724.0,54.0,778.0,True
773,5270029_001_022,5270029_001,ROLAND GARROS/TSONGA,0:13:18,00:00:18 ,798.0,18.0,816.0,True
774,5270032_001,5270032_001,7h30 le journal : [émission du 26 mai 2014],00:00:00,00:11:42 ,0.0,702.0,702.0,True
775,5270032_001_002,5270032_001,RESULTATS EUROPEENNES,0:00:24,00:01:24 ,24.0,84.0,108.0,True
776,5270032_001_003,5270032_001,Brève : FN/LA SOIRéE,0:01:48,00:00:24 ,108.0,24.0,132.0,True
777,5270032_001_004,5270032_001,DUPLEX NANTERRE(hts-de-seine) au siege du FN GUILLAUME DARET,0:02:26,00:00:48 ,146.0,48.0,194.0,True
778,5270032_001_005,5270032_001,----illustr fn europeennes,0:03:14,00:00:35 ,194.0,35.0,229.0,True
779,5270032_001_007,5270032_001,REACTIONS,0:04:01,00:01:25 ,241.0,85.0,326.0,True
780,5270032_001_009,5270032_001,DUPLEX ELYSEE/SOPHIE BRUNN,0:05:46,00:00:42 ,346.0,42.0,388.0,True
781,5270032_001_010,5270032_001,Brève : CHIFFRE ABSTENTION,0:06:28,00:00:16 ,388.0,16.0,404.0,True
782,5270032_001_011,5270032_001,Brève : lancement sophie sur A.Bouilhaguet,0:06:44,00:00:09 ,404.0,9.0,413.0,True
783,5270032_001_012,5270032_001,PLT ALIX BOUILHAGUET/analyse politique (réunion elysée ce matin),0:06:54,00:01:03 ,414.0,63.0,477.0,True
784,5270032_001_014,5270032_001,DUPLEX BRUXELLES/FRANCOIS BEAUDONNET,0:08:10,00:00:58 ,490.0,58.0,548.0,True
785,5270032_001_015,5270032_001,----illustr bruxelles,0:09:08,00:00:30 ,548.0,30.0,578.0,True
786,5270032_001_017,5270032_001,BELGIQUE FUSILLADE MUSEE JUIF/ENQUETE,0:10:02,00:00:51 ,602.0,51.0,653.0,True
787,5270032_001_019,5270032_001,PAPE EN ISRAEL,0:11:09,00:00:52 ,669.0,52.0,721.0,True
788,5270032_001_020,5270032_001,Brève : ROLAND GARROS/TSONGA,0:12:01,00:00:25 ,721.0,25.0,746.0,True
789,5270032_001_021,5270032_001,fin,0:12:26,00:00:03 ,746.0,3.0,749.0,True
791,5270036_001,5270036_001,8h00 le journal : [émission du 26 mai 2014],00:00:00,00:12:43 ,0.0,763.0,763.0,True
792,5270036_001_001,5270036_001,Brève : RESULTATS EUROPEENNES,0:00:07,00:00:33 ,7.0,33.0,40.0,True
793,5270036_001_002,5270036_001,FN/LA SOIRéE,0:00:55,00:01:15 ,55.0,75.0,130.0,True
794,5270036_001_004,5270036_001,DUPLEX NANTERRE(hts de seine) au siege du FN GUILLAUME DARET,0:02:22,00:00:52 ,142.0,52.0,194.0,True
795,5270036_001_005,5270036_001,----illustr fn europeennes,0:03:14,00:00:35 ,194.0,35.0,229.0,True
796,5270036_001_007,5270036_001,REACTIONS,0:03:58,00:01:13 ,238.0,73.0,311.0,True
797,5270036_001_009,5270036_001,DUPLEX ELYSEE/SOPHIE BRUNN,0:05:22,00:00:46 ,322.0,46.0,368.0,True
798,5270036_001_011,5270036_001,VALLS SUR RTL,0:06:19,00:00:14 ,379.0,14.0,393.0,True
799,5270036_001_013,5270036_001,MICROTROTTOIRS PARIS,0:06:43,00:00:44 ,403.0,44.0,447.0,True
800,5270036_001_014,5270036_001,Brève : lancement nathanael sur A.Bouilhaguet,0:07:27,00:00:09 ,447.0,9.0,456.0,True
801,5270036_001_015,5270036_001,PLT ALIX BOUILHAGUET/analyse politique,0:07:37,00:01:00 ,457.0,60.0,517.0,True
802,5270036_001_016,5270036_001,Brève : CHIFFRE ABSTENTION,0:08:37,00:00:18 ,517.0,18.0,535.0,True
803,5270036_001_017,5270036_001,DUPLEX BRUXELLES/FRANCOIS BEAUDONNET,0:08:58,00:01:00 ,538.0,60.0,598.0,True
804,5270036_001_018,5270036_001,----illustr bruxelles,0:09:58,00:00:30 ,598.0,30.0,628.0,True
805,5270036_001_020,5270036_001,DUPLEX BERLIN/ARNAUD BOUTET,0:10:41,00:00:52 ,641.0,52.0,693.0,True
806,5270036_001_021,5270036_001,----illustr berlin,0:11:33,00:00:14 ,693.0,14.0,707.0,True
807,5270036_001_023,5270036_001,BELGIQUE FUSILLADE MUSEE JUIF/ENQUETE,0:12:07,00:00:52 ,727.0,52.0,779.0,True
808,5270036_001_024,5270036_001,Brève : PAPE EN ISRAEL,0:12:59,00:00:23 ,779.0,23.0,802.0,True
809,5270036_001_025,5270036_001,Brève : ROLAND GARROS/TSONGA,0:13:22,00:00:26 ,802.0,26.0,828.0,True
810,5270036_001_026,5270036_001,Brève : fin,0:13:48,00:00:01 ,828.0,1.0,829.0,True
817,5270061_001,5270061_001,13 heures : [émission du 26 mai 2014],00:00:00,00:45:45 ,0.0,2745.0,2745.0,True
818,5270061_001_001,5270061_001,Brève : LANCEMENT TITRES DU 13H,0:00:03,00:01:05 ,3.0,65.0,68.0,True
819,5270061_001_002,5270061_001,------ EUROPÉENNES Le nouveau visage du parlement,0:01:39,00:00:19 ,99.0,19.0,118.0,True
820,5270061_001_004,5270061_001,ÉTAT DES LIEUX EUROPÉENNES EN FRANCE + PERSONNALITÉS ÉLUES,0:02:42,00:01:55 ,162.0,115.0,277.0,True
821,5270061_001_005,5270061_001,Brève : COURBE DU FN (B12),0:04:37,00:00:27 ,277.0,27.0,304.0,True
822,5270061_001_006,5270061_001,FOCUS SUR LA VICTOIRE DU FN,0:05:15,00:01:58 ,315.0,118.0,433.0,True
823,5270061_001_008,5270061_001,VOTE FN : FLORANGE,0:07:51,00:01:18 ,471.0,78.0,549.0,True
824,5270061_001_010,5270061_001,NATHALIE SAINT-CRICQ (sur FN),0:09:21,00:00:39 ,561.0,39.0,600.0,True
825,5270061_001_011,5270061_001,------ illustr. fête au FN,0:10:00,00:00:24 ,600.0,24.0,624.0,True
826,5270061_001_013,5270061_001,La story FN de 1974 à 2014,0:10:43,00:02:07 ,643.0,127.0,770.0,True
827,5270061_001_014,5270061_001,Brève : EUROPÉENNES - PS   2004 => 31 sièges 2009 => 14 sièges 2014 => 13 sièges,0:12:50,00:00:23 ,770.0,23.0,793.0,True
828,5270061_001_016,5270061_001,PS - LA DÉROUTE ET LA DÉCEPTION,0:13:33,00:01:31 ,813.0,91.0,904.0,True
829,5270061_001_018,5270061_001,ÉLYSÉE / SOPHIE BRUNN (réunion de crise),0:15:25,00:00:43 ,925.0,43.0,968.0,True
830,5270061_001_020,5270061_001,NATHALIE SAINT-CRICQ (Elysée),0:16:44,00:00:37 ,1004.0,37.0,1041.0,True
831,5270061_001_022,5270061_001,L'UMP en crise,0:18:35,00:01:32 ,1115.0,92.0,1207.0,True
832,5270061_001_024,5270061_001,NATHALIE SAINT-CRICQ (sur UMP),0:20:17,00:00:32 ,1217.0,32.0,1249.0,True
833,5270061_001_026,5270061_001,Elections européennese : paroles d'abstentionnistes,0:21:38,00:02:02 ,1298.0,122.0,1420.0,True
834,5270061_001_027,5270061_001,Brève : UNES DES JOURNAUX EUROPÉENS,0:23:40,00:00:28 ,1420.0,28.0,1448.0,True
835,5270061_001_028,5270061_001,LES RÉSULTATS FRANÇAIS VUS DE L'ALLEMAGNE,0:24:25,00:01:26 ,1465.0,86.0,1551.0,True
836,5270061_001_030,5270061_001,BRUXELLES - ANALYSE DU VOTE EUROPÉEN,0:26:23,00:01:35 ,1583.0,95.0,1678.0,True
837,5270061_001_032,5270061_001,BRUXELLES / FRANÇOIS BEAUDONNET (la suite du programme),0:28:09,00:01:14 ,1689.0,74.0,1763.0,True
838,5270061_001_033,5270061_001,Brève : www.francetvinfo.fr (les résultats dans votre ville),0:30:48,00:00:10 ,1848.0,10.0,1858.0,True
839,5270061_001_034,5270061_001,FUSILLADE BRUXELLES : APPEL À TÉMOINS ET SUITE DE L'ENQUÊTE,0:31:20,00:01:38 ,1880.0,98.0,1978.0,True
840,5270061_001_036,5270061_001,Le Pape François au mur des lamentations,0:33:29,00:01:38 ,2009.0,98.0,2107.0,True
841,5270061_001_038,5270061_001,D-DAY - TRANSMISSION FAMILIALE,0:35:17,00:02:15 ,2117.0,135.0,2252.0,True
842,5270061_001_040,5270061_001,FEUILLETON 1/5   Les secrets des cartes,0:37:57,00:04:56 ,2277.0,296.0,2573.0,True
843,5270061_001_041,5270061_001,Brève : PRÉSENTATION ÉQUIPE FEUILLETON,0:42:53,00:00:06 ,2573.0,6.0,2579.0,True
844,5270061_001_042,5270061_001,Les cinq dernières minutes : Aurélie Cabrel,0:43:00,00:07:00 ,2580.0,420.0,3000.0,True
847,5270072_001,5270072_001,20 heures : [émission du 26 mai 2014],00:00:00,00:42:26 ,0.0,2546.0,2546.0,True
848,5270072_001_002,5270072_001,Plateau brève : élections européennes 2014 : résultats officiels,0:01:12,00:00:40 ,72.0,40.0,112.0,True
849,5270072_001_003,5270072_001,[Plateau brève : Manuel Valls à l'Elysée],0:01:52,00:00:10 ,112.0,10.0,122.0,True
850,5270072_001_004,5270072_001,[Déclaration de François Hollande du 26 mai 2014],0:02:02,00:04:56 ,122.0,296.0,418.0,True
851,5270072_001_005,5270072_001,[Plateau d'analyse : Nathalie Saint Cricq à propos de la déclaration de François Hollande],0:06:58,00:00:44 ,418.0,44.0,462.0,True
852,5270072_001_006,5270072_001,[Plateau extérieur : Arnaud Boutet à Berlin],0:07:42,00:00:50 ,462.0,50.0,512.0,True
853,5270072_001_007,5270072_001,[Brève : Allemagne : déclaration d'Angela Merkel],0:08:32,00:00:13 ,512.0,13.0,525.0,True
854,5270072_001_009,5270072_001,Affaire Bygmalion : perquisitions à l'UMP,0:09:24,00:02:19 ,564.0,139.0,703.0,True
855,5270072_001_011,5270072_001,Affaire Bygmalion : les aveux de Jérôme Lavrilleux,0:11:58,00:01:28 ,718.0,88.0,806.0,True
856,5270072_001_012,5270072_001,[Plateau extérieur : Guillaume Daret au siège de l'UMP à Paris],0:13:26,00:01:10 ,806.0,70.0,876.0,True
857,5270072_001_013,5270072_001,[Plateau d'analyse : Nathalie Saint Cricq à propos de l'affaire Bygmalion],0:14:36,00:00:48 ,876.0,48.0,924.0,True
858,5270072_001_014,5270072_001,[Plateau brève : affaire Tapie Crédit Lyonnais : Claude Guéant en garde à vue],0:15:24,00:00:25 ,924.0,25.0,949.0,True
859,5270072_001_015,5270072_001,Elections européennes 2014 : lendemain de victoire au Front national,0:15:49,00:01:12 ,949.0,72.0,1021.0,True
860,5270072_001_017,5270072_001,Elections européennes 2014 : le vote FN en Picardie,0:17:16,00:02:22 ,1036.0,142.0,1178.0,True
861,5270072_001_018,5270072_001,[Plateau d'analyse : Valéry Lerouge à propos du vote FN],0:19:37,00:01:05 ,1177.0,65.0,1242.0,True
862,5270072_001_019,5270072_001,[Elections européennes 2014 : la presse étrangère commente la victoire du FN],0:21:03,00:01:44 ,1263.0,104.0,1367.0,True
863,5270072_001_021,5270072_001,Elections européennes 2014 : réaction de Jean Luc Mélenchon aux résultats,0:22:59,00:00:25 ,1379.0,25.0,1404.0,True
864,5270072_001_023,5270072_001,Européennes 2014 : micro trottoir d'abstentionnistes dans les rues d'Avignon,0:23:41,00:01:23 ,1421.0,83.0,1504.0,True
865,5270072_001_024,5270072_001,Elections européennes 2014 : succès des partis eurosceptiques,0:25:34,00:01:44 ,1534.0,104.0,1638.0,True
866,5270072_001_025,5270072_001,[Plateau extérieur : Loïc de La Mornais à Londres],0:27:18,00:01:11 ,1638.0,71.0,1709.0,True
867,5270072_001_026,5270072_001,[Elections européennes 2014 : un député néo nazi élu en Allemagne],0:28:29,00:01:21 ,1709.0,81.0,1790.0,True
868,5270072_001_028,5270072_001,[Elections européennes 2014 : victoire de Renzi en Italie],0:30:05,00:01:10 ,1805.0,70.0,1875.0,True
869,5270072_001_029,5270072_001,[Plateau extérieur : François Beaudonnet à Bruxelles],0:31:15,00:01:23 ,1875.0,83.0,1958.0,True
870,5270072_001_030,5270072_001,Belgique : images de la fusillade du musée Juif,0:32:38,00:01:28 ,1958.0,88.0,2046.0,True
871,5270072_001_031,5270072_001,[Plateau brève : Ukraine : Petro Porochenko élu président],0:34:06,00:00:14 ,2046.0,14.0,2060.0,True
872,5270072_001_032,5270072_001,[Plateau brève : Ukraine : combats à l'aéroport de Donetsk],0:34:20,00:00:08 ,2060.0,8.0,2068.0,True
873,5270072_001_033,5270072_001,[Plateau extérieur : Marc de Chalvron en Ukraine],0:34:28,00:00:51 ,2068.0,51.0,2119.0,True
874,5270072_001_034,5270072_001,[Plateau brève : Ukraine : Vitali Klitschko élu maire de Kiev],0:35:19,00:00:23 ,2119.0,23.0,2142.0,True
875,5270072_001_035,5270072_001,Dernières étapes du voyage du pape François au Proche Orient,0:35:42,00:01:25 ,2142.0,85.0,2227.0,True
876,5270072_001_037,5270072_001,[TER trop larges : rapport au ministère des transports],0:37:19,00:01:02 ,2239.0,62.0,2301.0,True
877,5270072_001_038,5270072_001,[Plateau brève : Nice Matin en redressement judiciaire],0:38:21,00:00:26 ,2301.0,26.0,2327.0,True
878,5270072_001_039,5270072_001,[Coupe du monde 2014 : les Français expatriés au Brésil],0:38:47,00:02:55 ,2327.0,175.0,2502.0,True
879,5270072_001_040,5270072_001,[Plateau brève : bébés tigres au zoo de Vienne],0:41:42,00:00:45 ,2502.0,45.0,2547.0,True
880,5270072_001_041,5270072_001,[Plateau brève : élections européennes 2014 : composition du nouveau parlement],0:25:04,00:00:30 ,1504.0,30.0,1534.0,True
